ingestion_date,pokemon_name,url
2025-01-15 15:01:26,abomasnow,https://pokeapi.co/api/v2/pokemon/460/
2025-01-15 15:01:27,abomasnow-mega,https://pokeapi.co/api/v2/pokemon/10060/
2025-01-15 15:01:26,abra,https://pokeapi.co/api/v2/pokemon/63/
2025-01-15 15:01:26,absol,https://pokeapi.co/api/v2/pokemon/359/
2025-01-15 15:01:27,absol-mega,https://pokeapi.co/api/v2/pokemon/10057/
2025-01-15 15:01:27,accelgor,https://pokeapi.co/api/v2/pokemon/617/
2025-01-15 15:01:27,aegislash-blade,https://pokeapi.co/api/v2/pokemon/10026/
2025-01-15 15:01:27,aegislash-shield,https://pokeapi.co/api/v2/pokemon/681/
2025-01-15 15:01:26,aerodactyl,https://pokeapi.co/api/v2/pokemon/142/
2025-01-15 15:01:27,aerodactyl-mega,https://pokeapi.co/api/v2/pokemon/10042/
2025-01-15 15:01:26,aggron,https://pokeapi.co/api/v2/pokemon/306/
2025-01-15 15:01:27,aggron-mega,https://pokeapi.co/api/v2/pokemon/10053/
2025-01-15 15:01:26,aipom,https://pokeapi.co/api/v2/pokemon/190/
2025-01-15 15:01:26,alakazam,https://pokeapi.co/api/v2/pokemon/65/
2025-01-15 15:01:27,alakazam-mega,https://pokeapi.co/api/v2/pokemon/10037/
2025-01-15 15:01:27,alcremie,https://pokeapi.co/api/v2/pokemon/869/
2025-01-15 15:01:28,alcremie-gmax,https://pokeapi.co/api/v2/pokemon/10223/
2025-01-15 15:01:27,alomomola,https://pokeapi.co/api/v2/pokemon/594/
2025-01-15 15:01:26,altaria,https://pokeapi.co/api/v2/pokemon/334/
2025-01-15 15:01:27,altaria-mega,https://pokeapi.co/api/v2/pokemon/10067/
2025-01-15 15:01:27,amaura,https://pokeapi.co/api/v2/pokemon/698/
2025-01-15 15:01:26,ambipom,https://pokeapi.co/api/v2/pokemon/424/
2025-01-15 15:01:27,amoonguss,https://pokeapi.co/api/v2/pokemon/591/
2025-01-15 15:01:26,ampharos,https://pokeapi.co/api/v2/pokemon/181/
2025-01-15 15:01:27,ampharos-mega,https://pokeapi.co/api/v2/pokemon/10045/
2025-01-15 15:01:27,annihilape,https://pokeapi.co/api/v2/pokemon/979/
2025-01-15 15:01:26,anorith,https://pokeapi.co/api/v2/pokemon/347/
2025-01-15 15:01:27,appletun,https://pokeapi.co/api/v2/pokemon/842/
2025-01-15 15:01:28,appletun-gmax,https://pokeapi.co/api/v2/pokemon/10217/
2025-01-15 15:01:27,applin,https://pokeapi.co/api/v2/pokemon/840/
2025-01-15 15:01:27,araquanid,https://pokeapi.co/api/v2/pokemon/752/
2025-01-15 15:01:27,araquanid-totem,https://pokeapi.co/api/v2/pokemon/10153/
2025-01-15 15:01:26,arbok,https://pokeapi.co/api/v2/pokemon/24/
2025-01-15 15:01:27,arboliva,https://pokeapi.co/api/v2/pokemon/930/
2025-01-15 15:01:26,arcanine,https://pokeapi.co/api/v2/pokemon/59/
2025-01-15 15:01:28,arcanine-hisui,https://pokeapi.co/api/v2/pokemon/10230/
2025-01-15 15:01:26,arceus,https://pokeapi.co/api/v2/pokemon/493/
2025-01-15 15:01:27,archaludon,https://pokeapi.co/api/v2/pokemon/1018/
2025-01-15 15:01:27,archen,https://pokeapi.co/api/v2/pokemon/566/
2025-01-15 15:01:27,archeops,https://pokeapi.co/api/v2/pokemon/567/
2025-01-15 15:01:27,arctibax,https://pokeapi.co/api/v2/pokemon/997/
2025-01-15 15:01:27,arctovish,https://pokeapi.co/api/v2/pokemon/883/
2025-01-15 15:01:27,arctozolt,https://pokeapi.co/api/v2/pokemon/881/
2025-01-15 15:01:26,ariados,https://pokeapi.co/api/v2/pokemon/168/
2025-01-15 15:01:26,armaldo,https://pokeapi.co/api/v2/pokemon/348/
2025-01-15 15:01:27,armarouge,https://pokeapi.co/api/v2/pokemon/936/
2025-01-15 15:01:27,aromatisse,https://pokeapi.co/api/v2/pokemon/683/
2025-01-15 15:01:26,aron,https://pokeapi.co/api/v2/pokemon/304/
2025-01-15 15:01:27,arrokuda,https://pokeapi.co/api/v2/pokemon/846/
2025-01-15 15:01:26,articuno,https://pokeapi.co/api/v2/pokemon/144/
2025-01-15 15:01:27,articuno-galar,https://pokeapi.co/api/v2/pokemon/10169/
2025-01-15 15:01:27,audino,https://pokeapi.co/api/v2/pokemon/531/
2025-01-15 15:01:27,audino-mega,https://pokeapi.co/api/v2/pokemon/10069/
2025-01-15 15:01:27,aurorus,https://pokeapi.co/api/v2/pokemon/699/
2025-01-15 15:01:27,avalugg,https://pokeapi.co/api/v2/pokemon/713/
2025-01-15 15:01:28,avalugg-hisui,https://pokeapi.co/api/v2/pokemon/10243/
2025-01-15 15:01:27,axew,https://pokeapi.co/api/v2/pokemon/610/
2025-01-15 15:01:26,azelf,https://pokeapi.co/api/v2/pokemon/482/
2025-01-15 15:01:26,azumarill,https://pokeapi.co/api/v2/pokemon/184/
2025-01-15 15:01:26,azurill,https://pokeapi.co/api/v2/pokemon/298/
2025-01-15 15:01:26,bagon,https://pokeapi.co/api/v2/pokemon/371/
2025-01-15 15:01:26,baltoy,https://pokeapi.co/api/v2/pokemon/343/
2025-01-15 15:01:26,banette,https://pokeapi.co/api/v2/pokemon/354/
2025-01-15 15:01:27,banette-mega,https://pokeapi.co/api/v2/pokemon/10056/
2025-01-15 15:01:27,barbaracle,https://pokeapi.co/api/v2/pokemon/689/
2025-01-15 15:01:26,barboach,https://pokeapi.co/api/v2/pokemon/339/
2025-01-15 15:01:27,barraskewda,https://pokeapi.co/api/v2/pokemon/847/
2025-01-15 15:01:28,basculegion-female,https://pokeapi.co/api/v2/pokemon/10248/
2025-01-15 15:01:27,basculegion-male,https://pokeapi.co/api/v2/pokemon/902/
2025-01-15 15:01:27,basculin-blue-striped,https://pokeapi.co/api/v2/pokemon/10016/
2025-01-15 15:01:27,basculin-red-striped,https://pokeapi.co/api/v2/pokemon/550/
2025-01-15 15:01:28,basculin-white-striped,https://pokeapi.co/api/v2/pokemon/10247/
2025-01-15 15:01:26,bastiodon,https://pokeapi.co/api/v2/pokemon/411/
2025-01-15 15:01:27,baxcalibur,https://pokeapi.co/api/v2/pokemon/998/
2025-01-15 15:01:26,bayleef,https://pokeapi.co/api/v2/pokemon/153/
2025-01-15 15:01:27,beartic,https://pokeapi.co/api/v2/pokemon/614/
2025-01-15 15:01:26,beautifly,https://pokeapi.co/api/v2/pokemon/267/
2025-01-15 15:01:26,beedrill,https://pokeapi.co/api/v2/pokemon/15/
2025-01-15 15:01:27,beedrill-mega,https://pokeapi.co/api/v2/pokemon/10090/
2025-01-15 15:01:27,beheeyem,https://pokeapi.co/api/v2/pokemon/606/
2025-01-15 15:01:26,beldum,https://pokeapi.co/api/v2/pokemon/374/
2025-01-15 15:01:27,bellibolt,https://pokeapi.co/api/v2/pokemon/939/
2025-01-15 15:01:26,bellossom,https://pokeapi.co/api/v2/pokemon/182/
2025-01-15 15:01:26,bellsprout,https://pokeapi.co/api/v2/pokemon/69/
2025-01-15 15:01:27,bergmite,https://pokeapi.co/api/v2/pokemon/712/
2025-01-15 15:01:27,bewear,https://pokeapi.co/api/v2/pokemon/760/
2025-01-15 15:01:26,bibarel,https://pokeapi.co/api/v2/pokemon/400/
2025-01-15 15:01:26,bidoof,https://pokeapi.co/api/v2/pokemon/399/
2025-01-15 15:01:27,binacle,https://pokeapi.co/api/v2/pokemon/688/
2025-01-15 15:01:27,bisharp,https://pokeapi.co/api/v2/pokemon/625/
2025-01-15 15:01:27,blacephalon,https://pokeapi.co/api/v2/pokemon/806/
2025-01-15 15:01:26,blastoise,https://pokeapi.co/api/v2/pokemon/9/
2025-01-15 15:01:28,blastoise-gmax,https://pokeapi.co/api/v2/pokemon/10197/
2025-01-15 15:01:27,blastoise-mega,https://pokeapi.co/api/v2/pokemon/10036/
2025-01-15 15:01:26,blaziken,https://pokeapi.co/api/v2/pokemon/257/
2025-01-15 15:01:27,blaziken-mega,https://pokeapi.co/api/v2/pokemon/10050/
2025-01-15 15:01:27,blipbug,https://pokeapi.co/api/v2/pokemon/824/
2025-01-15 15:01:26,blissey,https://pokeapi.co/api/v2/pokemon/242/
2025-01-15 15:01:27,blitzle,https://pokeapi.co/api/v2/pokemon/522/
2025-01-15 15:01:27,boldore,https://pokeapi.co/api/v2/pokemon/525/
2025-01-15 15:01:27,boltund,https://pokeapi.co/api/v2/pokemon/836/
2025-01-15 15:01:27,bombirdier,https://pokeapi.co/api/v2/pokemon/962/
2025-01-15 15:01:26,bonsly,https://pokeapi.co/api/v2/pokemon/438/
2025-01-15 15:01:27,bouffalant,https://pokeapi.co/api/v2/pokemon/626/
2025-01-15 15:01:27,bounsweet,https://pokeapi.co/api/v2/pokemon/761/
2025-01-15 15:01:27,braixen,https://pokeapi.co/api/v2/pokemon/654/
2025-01-15 15:01:27,brambleghast,https://pokeapi.co/api/v2/pokemon/947/
2025-01-15 15:01:27,bramblin,https://pokeapi.co/api/v2/pokemon/946/
2025-01-15 15:01:27,braviary,https://pokeapi.co/api/v2/pokemon/628/
2025-01-15 15:01:28,braviary-hisui,https://pokeapi.co/api/v2/pokemon/10240/
2025-01-15 15:01:26,breloom,https://pokeapi.co/api/v2/pokemon/286/
2025-01-15 15:01:27,brionne,https://pokeapi.co/api/v2/pokemon/729/
2025-01-15 15:01:26,bronzong,https://pokeapi.co/api/v2/pokemon/437/
2025-01-15 15:01:26,bronzor,https://pokeapi.co/api/v2/pokemon/436/
2025-01-15 15:01:27,brute-bonnet,https://pokeapi.co/api/v2/pokemon/986/
2025-01-15 15:01:27,bruxish,https://pokeapi.co/api/v2/pokemon/779/
2025-01-15 15:01:26,budew,https://pokeapi.co/api/v2/pokemon/406/
2025-01-15 15:01:26,buizel,https://pokeapi.co/api/v2/pokemon/418/
2025-01-15 15:01:26,bulbasaur,https://pokeapi.co/api/v2/pokemon/1/
2025-01-15 15:01:26,buneary,https://pokeapi.co/api/v2/pokemon/427/
2025-01-15 15:01:27,bunnelby,https://pokeapi.co/api/v2/pokemon/659/
2025-01-15 15:01:26,burmy,https://pokeapi.co/api/v2/pokemon/412/
2025-01-15 15:01:26,butterfree,https://pokeapi.co/api/v2/pokemon/12/
2025-01-15 15:01:28,butterfree-gmax,https://pokeapi.co/api/v2/pokemon/10198/
2025-01-15 15:01:27,buzzwole,https://pokeapi.co/api/v2/pokemon/794/
2025-01-15 15:01:26,cacnea,https://pokeapi.co/api/v2/pokemon/331/
2025-01-15 15:01:26,cacturne,https://pokeapi.co/api/v2/pokemon/332/
2025-01-15 15:01:27,calyrex,https://pokeapi.co/api/v2/pokemon/898/
2025-01-15 15:01:28,calyrex-ice,https://pokeapi.co/api/v2/pokemon/10193/
2025-01-15 15:01:28,calyrex-shadow,https://pokeapi.co/api/v2/pokemon/10194/
2025-01-15 15:01:26,camerupt,https://pokeapi.co/api/v2/pokemon/323/
2025-01-15 15:01:27,camerupt-mega,https://pokeapi.co/api/v2/pokemon/10087/
2025-01-15 15:01:27,capsakid,https://pokeapi.co/api/v2/pokemon/951/
2025-01-15 15:01:27,carbink,https://pokeapi.co/api/v2/pokemon/703/
2025-01-15 15:01:27,carkol,https://pokeapi.co/api/v2/pokemon/838/
2025-01-15 15:01:26,carnivine,https://pokeapi.co/api/v2/pokemon/455/
2025-01-15 15:01:27,carracosta,https://pokeapi.co/api/v2/pokemon/565/
2025-01-15 15:01:26,carvanha,https://pokeapi.co/api/v2/pokemon/318/
2025-01-15 15:01:26,cascoon,https://pokeapi.co/api/v2/pokemon/268/
2025-01-15 15:01:26,castform,https://pokeapi.co/api/v2/pokemon/351/
2025-01-15 15:01:27,castform-rainy,https://pokeapi.co/api/v2/pokemon/10014/
2025-01-15 15:01:27,castform-snowy,https://pokeapi.co/api/v2/pokemon/10015/
2025-01-15 15:01:27,castform-sunny,https://pokeapi.co/api/v2/pokemon/10013/
2025-01-15 15:01:26,caterpie,https://pokeapi.co/api/v2/pokemon/10/
2025-01-15 15:01:26,celebi,https://pokeapi.co/api/v2/pokemon/251/
2025-01-15 15:01:27,celesteela,https://pokeapi.co/api/v2/pokemon/797/
2025-01-15 15:01:27,centiskorch,https://pokeapi.co/api/v2/pokemon/851/
2025-01-15 15:01:28,centiskorch-gmax,https://pokeapi.co/api/v2/pokemon/10220/
2025-01-15 15:01:27,ceruledge,https://pokeapi.co/api/v2/pokemon/937/
2025-01-15 15:01:27,cetitan,https://pokeapi.co/api/v2/pokemon/975/
2025-01-15 15:01:27,cetoddle,https://pokeapi.co/api/v2/pokemon/974/
2025-01-15 15:01:27,chandelure,https://pokeapi.co/api/v2/pokemon/609/
2025-01-15 15:01:26,chansey,https://pokeapi.co/api/v2/pokemon/113/
2025-01-15 15:01:27,charcadet,https://pokeapi.co/api/v2/pokemon/935/
2025-01-15 15:01:26,charizard,https://pokeapi.co/api/v2/pokemon/6/
2025-01-15 15:01:28,charizard-gmax,https://pokeapi.co/api/v2/pokemon/10196/
2025-01-15 15:01:27,charizard-mega-x,https://pokeapi.co/api/v2/pokemon/10034/
2025-01-15 15:01:27,charizard-mega-y,https://pokeapi.co/api/v2/pokemon/10035/
2025-01-15 15:01:27,charjabug,https://pokeapi.co/api/v2/pokemon/737/
2025-01-15 15:01:26,charmander,https://pokeapi.co/api/v2/pokemon/4/
2025-01-15 15:01:26,charmeleon,https://pokeapi.co/api/v2/pokemon/5/
2025-01-15 15:01:26,chatot,https://pokeapi.co/api/v2/pokemon/441/
2025-01-15 15:01:26,cherrim,https://pokeapi.co/api/v2/pokemon/421/
2025-01-15 15:01:26,cherubi,https://pokeapi.co/api/v2/pokemon/420/
2025-01-15 15:01:27,chesnaught,https://pokeapi.co/api/v2/pokemon/652/
2025-01-15 15:01:27,chespin,https://pokeapi.co/api/v2/pokemon/650/
2025-01-15 15:01:27,chewtle,https://pokeapi.co/api/v2/pokemon/833/
2025-01-15 15:01:27,chi-yu,https://pokeapi.co/api/v2/pokemon/1004/
2025-01-15 15:01:27,chien-pao,https://pokeapi.co/api/v2/pokemon/1002/
2025-01-15 15:01:26,chikorita,https://pokeapi.co/api/v2/pokemon/152/
2025-01-15 15:01:26,chimchar,https://pokeapi.co/api/v2/pokemon/390/
2025-01-15 15:01:26,chimecho,https://pokeapi.co/api/v2/pokemon/358/
2025-01-15 15:01:26,chinchou,https://pokeapi.co/api/v2/pokemon/170/
2025-01-15 15:01:26,chingling,https://pokeapi.co/api/v2/pokemon/433/
2025-01-15 15:01:27,cinccino,https://pokeapi.co/api/v2/pokemon/573/
2025-01-15 15:01:27,cinderace,https://pokeapi.co/api/v2/pokemon/815/
2025-01-15 15:01:28,cinderace-gmax,https://pokeapi.co/api/v2/pokemon/10210/
2025-01-15 15:01:26,clamperl,https://pokeapi.co/api/v2/pokemon/366/
2025-01-15 15:01:27,clauncher,https://pokeapi.co/api/v2/pokemon/692/
2025-01-15 15:01:27,clawitzer,https://pokeapi.co/api/v2/pokemon/693/
2025-01-15 15:01:26,claydol,https://pokeapi.co/api/v2/pokemon/344/
2025-01-15 15:01:26,clefable,https://pokeapi.co/api/v2/pokemon/36/
2025-01-15 15:01:26,clefairy,https://pokeapi.co/api/v2/pokemon/35/
2025-01-15 15:01:26,cleffa,https://pokeapi.co/api/v2/pokemon/173/
2025-01-15 15:01:27,clobbopus,https://pokeapi.co/api/v2/pokemon/852/
2025-01-15 15:01:27,clodsire,https://pokeapi.co/api/v2/pokemon/980/
2025-01-15 15:01:26,cloyster,https://pokeapi.co/api/v2/pokemon/91/
2025-01-15 15:01:27,coalossal,https://pokeapi.co/api/v2/pokemon/839/
2025-01-15 15:01:28,coalossal-gmax,https://pokeapi.co/api/v2/pokemon/10215/
2025-01-15 15:01:27,cobalion,https://pokeapi.co/api/v2/pokemon/638/
2025-01-15 15:01:27,cofagrigus,https://pokeapi.co/api/v2/pokemon/563/
2025-01-15 15:01:26,combee,https://pokeapi.co/api/v2/pokemon/415/
2025-01-15 15:01:26,combusken,https://pokeapi.co/api/v2/pokemon/256/
2025-01-15 15:01:27,comfey,https://pokeapi.co/api/v2/pokemon/764/
2025-01-15 15:01:27,conkeldurr,https://pokeapi.co/api/v2/pokemon/534/
2025-01-15 15:01:27,copperajah,https://pokeapi.co/api/v2/pokemon/879/
2025-01-15 15:01:28,copperajah-gmax,https://pokeapi.co/api/v2/pokemon/10224/
2025-01-15 15:01:26,corphish,https://pokeapi.co/api/v2/pokemon/341/
2025-01-15 15:01:26,corsola,https://pokeapi.co/api/v2/pokemon/222/
2025-01-15 15:01:27,corsola-galar,https://pokeapi.co/api/v2/pokemon/10173/
2025-01-15 15:01:27,corviknight,https://pokeapi.co/api/v2/pokemon/823/
2025-01-15 15:01:28,corviknight-gmax,https://pokeapi.co/api/v2/pokemon/10212/
2025-01-15 15:01:27,corvisquire,https://pokeapi.co/api/v2/pokemon/822/
2025-01-15 15:01:27,cosmoem,https://pokeapi.co/api/v2/pokemon/790/
2025-01-15 15:01:27,cosmog,https://pokeapi.co/api/v2/pokemon/789/
2025-01-15 15:01:27,cottonee,https://pokeapi.co/api/v2/pokemon/546/
2025-01-15 15:01:27,crabominable,https://pokeapi.co/api/v2/pokemon/740/
2025-01-15 15:01:27,crabrawler,https://pokeapi.co/api/v2/pokemon/739/
2025-01-15 15:01:26,cradily,https://pokeapi.co/api/v2/pokemon/346/
2025-01-15 15:01:27,cramorant,https://pokeapi.co/api/v2/pokemon/845/
2025-01-15 15:01:28,cramorant-gorging,https://pokeapi.co/api/v2/pokemon/10183/
2025-01-15 15:01:28,cramorant-gulping,https://pokeapi.co/api/v2/pokemon/10182/
2025-01-15 15:01:26,cranidos,https://pokeapi.co/api/v2/pokemon/408/
2025-01-15 15:01:26,crawdaunt,https://pokeapi.co/api/v2/pokemon/342/
2025-01-15 15:01:26,cresselia,https://pokeapi.co/api/v2/pokemon/488/
2025-01-15 15:01:26,croagunk,https://pokeapi.co/api/v2/pokemon/453/
2025-01-15 15:01:26,crobat,https://pokeapi.co/api/v2/pokemon/169/
2025-01-15 15:01:27,crocalor,https://pokeapi.co/api/v2/pokemon/910/
2025-01-15 15:01:26,croconaw,https://pokeapi.co/api/v2/pokemon/159/
2025-01-15 15:01:27,crustle,https://pokeapi.co/api/v2/pokemon/558/
2025-01-15 15:01:27,cryogonal,https://pokeapi.co/api/v2/pokemon/615/
2025-01-15 15:01:27,cubchoo,https://pokeapi.co/api/v2/pokemon/613/
2025-01-15 15:01:26,cubone,https://pokeapi.co/api/v2/pokemon/104/
2025-01-15 15:01:27,cufant,https://pokeapi.co/api/v2/pokemon/878/
2025-01-15 15:01:27,cursola,https://pokeapi.co/api/v2/pokemon/864/
2025-01-15 15:01:27,cutiefly,https://pokeapi.co/api/v2/pokemon/742/
2025-01-15 15:01:27,cyclizar,https://pokeapi.co/api/v2/pokemon/967/
2025-01-15 15:01:26,cyndaquil,https://pokeapi.co/api/v2/pokemon/155/
2025-01-15 15:01:27,dachsbun,https://pokeapi.co/api/v2/pokemon/927/
2025-01-15 15:01:26,darkrai,https://pokeapi.co/api/v2/pokemon/491/
2025-01-15 15:01:28,darmanitan-galar-standard,https://pokeapi.co/api/v2/pokemon/10177/
2025-01-15 15:01:28,darmanitan-galar-zen,https://pokeapi.co/api/v2/pokemon/10178/
2025-01-15 15:01:27,darmanitan-standard,https://pokeapi.co/api/v2/pokemon/555/
2025-01-15 15:01:27,darmanitan-zen,https://pokeapi.co/api/v2/pokemon/10017/
2025-01-15 15:01:27,dartrix,https://pokeapi.co/api/v2/pokemon/723/
2025-01-15 15:01:27,darumaka,https://pokeapi.co/api/v2/pokemon/554/
2025-01-15 15:01:28,darumaka-galar,https://pokeapi.co/api/v2/pokemon/10176/
2025-01-15 15:01:27,decidueye,https://pokeapi.co/api/v2/pokemon/724/
2025-01-15 15:01:28,decidueye-hisui,https://pokeapi.co/api/v2/pokemon/10244/
2025-01-15 15:01:27,dedenne,https://pokeapi.co/api/v2/pokemon/702/
2025-01-15 15:01:27,deerling,https://pokeapi.co/api/v2/pokemon/585/
2025-01-15 15:01:27,deino,https://pokeapi.co/api/v2/pokemon/633/
2025-01-15 15:01:26,delcatty,https://pokeapi.co/api/v2/pokemon/301/
2025-01-15 15:01:26,delibird,https://pokeapi.co/api/v2/pokemon/225/
2025-01-15 15:01:27,delphox,https://pokeapi.co/api/v2/pokemon/655/
2025-01-15 15:01:27,deoxys-attack,https://pokeapi.co/api/v2/pokemon/10001/
2025-01-15 15:01:27,deoxys-defense,https://pokeapi.co/api/v2/pokemon/10002/
2025-01-15 15:01:26,deoxys-normal,https://pokeapi.co/api/v2/pokemon/386/
2025-01-15 15:01:27,deoxys-speed,https://pokeapi.co/api/v2/pokemon/10003/
2025-01-15 15:01:26,dewgong,https://pokeapi.co/api/v2/pokemon/87/
2025-01-15 15:01:27,dewott,https://pokeapi.co/api/v2/pokemon/502/
2025-01-15 15:01:27,dewpider,https://pokeapi.co/api/v2/pokemon/751/
2025-01-15 15:01:27,dhelmise,https://pokeapi.co/api/v2/pokemon/781/
2025-01-15 15:01:26,dialga,https://pokeapi.co/api/v2/pokemon/483/
2025-01-15 15:01:28,dialga-origin,https://pokeapi.co/api/v2/pokemon/10245/
2025-01-15 15:01:27,diancie,https://pokeapi.co/api/v2/pokemon/719/
2025-01-15 15:01:27,diancie-mega,https://pokeapi.co/api/v2/pokemon/10075/
2025-01-15 15:01:27,diggersby,https://pokeapi.co/api/v2/pokemon/660/
2025-01-15 15:01:26,diglett,https://pokeapi.co/api/v2/pokemon/50/
2025-01-15 15:01:27,diglett-alola,https://pokeapi.co/api/v2/pokemon/10105/
2025-01-15 15:01:27,dipplin,https://pokeapi.co/api/v2/pokemon/1011/
2025-01-15 15:01:26,ditto,https://pokeapi.co/api/v2/pokemon/132/
2025-01-15 15:01:26,dodrio,https://pokeapi.co/api/v2/pokemon/85/
2025-01-15 15:01:26,doduo,https://pokeapi.co/api/v2/pokemon/84/
2025-01-15 15:01:27,dolliv,https://pokeapi.co/api/v2/pokemon/929/
2025-01-15 15:01:27,dondozo,https://pokeapi.co/api/v2/pokemon/977/
2025-01-15 15:01:26,donphan,https://pokeapi.co/api/v2/pokemon/232/
2025-01-15 15:01:27,dottler,https://pokeapi.co/api/v2/pokemon/825/
2025-01-15 15:01:27,doublade,https://pokeapi.co/api/v2/pokemon/680/
2025-01-15 15:01:27,dracovish,https://pokeapi.co/api/v2/pokemon/882/
2025-01-15 15:01:27,dracozolt,https://pokeapi.co/api/v2/pokemon/880/
2025-01-15 15:01:27,dragalge,https://pokeapi.co/api/v2/pokemon/691/
2025-01-15 15:01:27,dragapult,https://pokeapi.co/api/v2/pokemon/887/
2025-01-15 15:01:26,dragonair,https://pokeapi.co/api/v2/pokemon/148/
2025-01-15 15:01:26,dragonite,https://pokeapi.co/api/v2/pokemon/149/
2025-01-15 15:01:27,drakloak,https://pokeapi.co/api/v2/pokemon/886/
2025-01-15 15:01:27,drampa,https://pokeapi.co/api/v2/pokemon/780/
2025-01-15 15:01:26,drapion,https://pokeapi.co/api/v2/pokemon/452/
2025-01-15 15:01:26,dratini,https://pokeapi.co/api/v2/pokemon/147/
2025-01-15 15:01:27,drednaw,https://pokeapi.co/api/v2/pokemon/834/
2025-01-15 15:01:28,drednaw-gmax,https://pokeapi.co/api/v2/pokemon/10214/
2025-01-15 15:01:27,dreepy,https://pokeapi.co/api/v2/pokemon/885/
2025-01-15 15:01:26,drifblim,https://pokeapi.co/api/v2/pokemon/426/
2025-01-15 15:01:26,drifloon,https://pokeapi.co/api/v2/pokemon/425/
2025-01-15 15:01:27,drilbur,https://pokeapi.co/api/v2/pokemon/529/
2025-01-15 15:01:27,drizzile,https://pokeapi.co/api/v2/pokemon/817/
2025-01-15 15:01:26,drowzee,https://pokeapi.co/api/v2/pokemon/96/
2025-01-15 15:01:27,druddigon,https://pokeapi.co/api/v2/pokemon/621/
2025-01-15 15:01:27,dubwool,https://pokeapi.co/api/v2/pokemon/832/
2025-01-15 15:01:27,ducklett,https://pokeapi.co/api/v2/pokemon/580/
2025-01-15 15:01:28,dudunsparce-three-segment,https://pokeapi.co/api/v2/pokemon/10255/
2025-01-15 15:01:27,dudunsparce-two-segment,https://pokeapi.co/api/v2/pokemon/982/
2025-01-15 15:01:26,dugtrio,https://pokeapi.co/api/v2/pokemon/51/
2025-01-15 15:01:27,dugtrio-alola,https://pokeapi.co/api/v2/pokemon/10106/
2025-01-15 15:01:26,dunsparce,https://pokeapi.co/api/v2/pokemon/206/
2025-01-15 15:01:27,duosion,https://pokeapi.co/api/v2/pokemon/578/
2025-01-15 15:01:27,duraludon,https://pokeapi.co/api/v2/pokemon/884/
2025-01-15 15:01:28,duraludon-gmax,https://pokeapi.co/api/v2/pokemon/10225/
2025-01-15 15:01:27,durant,https://pokeapi.co/api/v2/pokemon/632/
2025-01-15 15:01:26,dusclops,https://pokeapi.co/api/v2/pokemon/356/
2025-01-15 15:01:26,dusknoir,https://pokeapi.co/api/v2/pokemon/477/
2025-01-15 15:01:26,duskull,https://pokeapi.co/api/v2/pokemon/355/
2025-01-15 15:01:26,dustox,https://pokeapi.co/api/v2/pokemon/269/
2025-01-15 15:01:27,dwebble,https://pokeapi.co/api/v2/pokemon/557/
2025-01-15 15:01:27,eelektrik,https://pokeapi.co/api/v2/pokemon/603/
2025-01-15 15:01:27,eelektross,https://pokeapi.co/api/v2/pokemon/604/
2025-01-15 15:01:26,eevee,https://pokeapi.co/api/v2/pokemon/133/
2025-01-15 15:01:28,eevee-gmax,https://pokeapi.co/api/v2/pokemon/10205/
2025-01-15 15:01:27,eevee-starter,https://pokeapi.co/api/v2/pokemon/10159/
2025-01-15 15:01:27,eiscue-ice,https://pokeapi.co/api/v2/pokemon/875/
2025-01-15 15:01:28,eiscue-noice,https://pokeapi.co/api/v2/pokemon/10185/
2025-01-15 15:01:26,ekans,https://pokeapi.co/api/v2/pokemon/23/
2025-01-15 15:01:27,eldegoss,https://pokeapi.co/api/v2/pokemon/830/
2025-01-15 15:01:26,electabuzz,https://pokeapi.co/api/v2/pokemon/125/
2025-01-15 15:01:26,electivire,https://pokeapi.co/api/v2/pokemon/466/
2025-01-15 15:01:26,electrike,https://pokeapi.co/api/v2/pokemon/309/
2025-01-15 15:01:26,electrode,https://pokeapi.co/api/v2/pokemon/101/
2025-01-15 15:01:28,electrode-hisui,https://pokeapi.co/api/v2/pokemon/10232/
2025-01-15 15:01:26,elekid,https://pokeapi.co/api/v2/pokemon/239/
2025-01-15 15:01:27,elgyem,https://pokeapi.co/api/v2/pokemon/605/
2025-01-15 15:01:26,emboar,https://pokeapi.co/api/v2/pokemon/500/
2025-01-15 15:01:27,emolga,https://pokeapi.co/api/v2/pokemon/587/
2025-01-15 15:01:26,empoleon,https://pokeapi.co/api/v2/pokemon/395/
2025-01-15 15:01:27,enamorus-incarnate,https://pokeapi.co/api/v2/pokemon/905/
2025-01-15 15:01:28,enamorus-therian,https://pokeapi.co/api/v2/pokemon/10249/
2025-01-15 15:01:26,entei,https://pokeapi.co/api/v2/pokemon/244/
2025-01-15 15:01:27,escavalier,https://pokeapi.co/api/v2/pokemon/589/
2025-01-15 15:01:27,espathra,https://pokeapi.co/api/v2/pokemon/956/
2025-01-15 15:01:26,espeon,https://pokeapi.co/api/v2/pokemon/196/
2025-01-15 15:01:27,espurr,https://pokeapi.co/api/v2/pokemon/677/
2025-01-15 15:01:27,eternatus,https://pokeapi.co/api/v2/pokemon/890/
2025-01-15 15:01:28,eternatus-eternamax,https://pokeapi.co/api/v2/pokemon/10190/
2025-01-15 15:01:27,excadrill,https://pokeapi.co/api/v2/pokemon/530/
2025-01-15 15:01:26,exeggcute,https://pokeapi.co/api/v2/pokemon/102/
2025-01-15 15:01:26,exeggutor,https://pokeapi.co/api/v2/pokemon/103/
2025-01-15 15:01:27,exeggutor-alola,https://pokeapi.co/api/v2/pokemon/10114/
2025-01-15 15:01:26,exploud,https://pokeapi.co/api/v2/pokemon/295/
2025-01-15 15:01:27,falinks,https://pokeapi.co/api/v2/pokemon/870/
2025-01-15 15:01:26,farfetchd,https://pokeapi.co/api/v2/pokemon/83/
2025-01-15 15:01:27,farfetchd-galar,https://pokeapi.co/api/v2/pokemon/10166/
2025-01-15 15:01:27,farigiraf,https://pokeapi.co/api/v2/pokemon/981/
2025-01-15 15:01:26,fearow,https://pokeapi.co/api/v2/pokemon/22/
2025-01-15 15:01:26,feebas,https://pokeapi.co/api/v2/pokemon/349/
2025-01-15 15:01:27,fennekin,https://pokeapi.co/api/v2/pokemon/653/
2025-01-15 15:01:26,feraligatr,https://pokeapi.co/api/v2/pokemon/160/
2025-01-15 15:01:27,ferroseed,https://pokeapi.co/api/v2/pokemon/597/
2025-01-15 15:01:27,ferrothorn,https://pokeapi.co/api/v2/pokemon/598/
2025-01-15 15:01:27,fezandipiti,https://pokeapi.co/api/v2/pokemon/1016/
2025-01-15 15:01:27,fidough,https://pokeapi.co/api/v2/pokemon/926/
2025-01-15 15:01:27,finizen,https://pokeapi.co/api/v2/pokemon/963/
2025-01-15 15:01:26,finneon,https://pokeapi.co/api/v2/pokemon/456/
2025-01-15 15:01:26,flaaffy,https://pokeapi.co/api/v2/pokemon/180/
2025-01-15 15:01:27,flabebe,https://pokeapi.co/api/v2/pokemon/669/
2025-01-15 15:01:27,flamigo,https://pokeapi.co/api/v2/pokemon/973/
2025-01-15 15:01:27,flapple,https://pokeapi.co/api/v2/pokemon/841/
2025-01-15 15:01:28,flapple-gmax,https://pokeapi.co/api/v2/pokemon/10216/
2025-01-15 15:01:26,flareon,https://pokeapi.co/api/v2/pokemon/136/
2025-01-15 15:01:27,fletchinder,https://pokeapi.co/api/v2/pokemon/662/
2025-01-15 15:01:27,fletchling,https://pokeapi.co/api/v2/pokemon/661/
2025-01-15 15:01:27,flittle,https://pokeapi.co/api/v2/pokemon/955/
2025-01-15 15:01:26,floatzel,https://pokeapi.co/api/v2/pokemon/419/
2025-01-15 15:01:27,floette,https://pokeapi.co/api/v2/pokemon/670/
2025-01-15 15:01:27,floette-eternal,https://pokeapi.co/api/v2/pokemon/10061/
2025-01-15 15:01:27,floragato,https://pokeapi.co/api/v2/pokemon/907/
2025-01-15 15:01:27,florges,https://pokeapi.co/api/v2/pokemon/671/
2025-01-15 15:01:27,flutter-mane,https://pokeapi.co/api/v2/pokemon/987/
2025-01-15 15:01:26,flygon,https://pokeapi.co/api/v2/pokemon/330/
2025-01-15 15:01:27,fomantis,https://pokeapi.co/api/v2/pokemon/753/
2025-01-15 15:01:27,foongus,https://pokeapi.co/api/v2/pokemon/590/
2025-01-15 15:01:26,forretress,https://pokeapi.co/api/v2/pokemon/205/
2025-01-15 15:01:27,fraxure,https://pokeapi.co/api/v2/pokemon/611/
2025-01-15 15:01:27,frigibax,https://pokeapi.co/api/v2/pokemon/996/
2025-01-15 15:01:27,frillish,https://pokeapi.co/api/v2/pokemon/592/
2025-01-15 15:01:27,froakie,https://pokeapi.co/api/v2/pokemon/656/
2025-01-15 15:01:27,frogadier,https://pokeapi.co/api/v2/pokemon/657/
2025-01-15 15:01:26,froslass,https://pokeapi.co/api/v2/pokemon/478/
2025-01-15 15:01:27,frosmoth,https://pokeapi.co/api/v2/pokemon/873/
2025-01-15 15:01:27,fuecoco,https://pokeapi.co/api/v2/pokemon/909/
2025-01-15 15:01:27,furfrou,https://pokeapi.co/api/v2/pokemon/676/
2025-01-15 15:01:26,furret,https://pokeapi.co/api/v2/pokemon/162/
2025-01-15 15:01:26,gabite,https://pokeapi.co/api/v2/pokemon/444/
2025-01-15 15:01:26,gallade,https://pokeapi.co/api/v2/pokemon/475/
2025-01-15 15:01:27,gallade-mega,https://pokeapi.co/api/v2/pokemon/10068/
2025-01-15 15:01:27,galvantula,https://pokeapi.co/api/v2/pokemon/596/
2025-01-15 15:01:27,garbodor,https://pokeapi.co/api/v2/pokemon/569/
2025-01-15 15:01:28,garbodor-gmax,https://pokeapi.co/api/v2/pokemon/10207/
2025-01-15 15:01:26,garchomp,https://pokeapi.co/api/v2/pokemon/445/
2025-01-15 15:01:27,garchomp-mega,https://pokeapi.co/api/v2/pokemon/10058/
2025-01-15 15:01:26,gardevoir,https://pokeapi.co/api/v2/pokemon/282/
2025-01-15 15:01:27,gardevoir-mega,https://pokeapi.co/api/v2/pokemon/10051/
2025-01-15 15:01:27,garganacl,https://pokeapi.co/api/v2/pokemon/934/
2025-01-15 15:01:26,gastly,https://pokeapi.co/api/v2/pokemon/92/
2025-01-15 15:01:26,gastrodon,https://pokeapi.co/api/v2/pokemon/423/
2025-01-15 15:01:27,genesect,https://pokeapi.co/api/v2/pokemon/649/
2025-01-15 15:01:26,gengar,https://pokeapi.co/api/v2/pokemon/94/
2025-01-15 15:01:28,gengar-gmax,https://pokeapi.co/api/v2/pokemon/10202/
2025-01-15 15:01:27,gengar-mega,https://pokeapi.co/api/v2/pokemon/10038/
2025-01-15 15:01:26,geodude,https://pokeapi.co/api/v2/pokemon/74/
2025-01-15 15:01:27,geodude-alola,https://pokeapi.co/api/v2/pokemon/10109/
2025-01-15 15:01:27,gholdengo,https://pokeapi.co/api/v2/pokemon/1000/
2025-01-15 15:01:26,gible,https://pokeapi.co/api/v2/pokemon/443/
2025-01-15 15:01:27,gigalith,https://pokeapi.co/api/v2/pokemon/526/
2025-01-15 15:01:27,gimmighoul,https://pokeapi.co/api/v2/pokemon/999/
2025-01-15 15:01:28,gimmighoul-roaming,https://pokeapi.co/api/v2/pokemon/10263/
2025-01-15 15:01:26,girafarig,https://pokeapi.co/api/v2/pokemon/203/
2025-01-15 15:01:26,giratina-altered,https://pokeapi.co/api/v2/pokemon/487/
2025-01-15 15:01:27,giratina-origin,https://pokeapi.co/api/v2/pokemon/10007/
2025-01-15 15:01:26,glaceon,https://pokeapi.co/api/v2/pokemon/471/
2025-01-15 15:01:26,glalie,https://pokeapi.co/api/v2/pokemon/362/
2025-01-15 15:01:27,glalie-mega,https://pokeapi.co/api/v2/pokemon/10074/
2025-01-15 15:01:26,glameow,https://pokeapi.co/api/v2/pokemon/431/
2025-01-15 15:01:27,glastrier,https://pokeapi.co/api/v2/pokemon/896/
2025-01-15 15:01:26,gligar,https://pokeapi.co/api/v2/pokemon/207/
2025-01-15 15:01:27,glimmet,https://pokeapi.co/api/v2/pokemon/969/
2025-01-15 15:01:27,glimmora,https://pokeapi.co/api/v2/pokemon/970/
2025-01-15 15:01:26,gliscor,https://pokeapi.co/api/v2/pokemon/472/
2025-01-15 15:01:26,gloom,https://pokeapi.co/api/v2/pokemon/44/
2025-01-15 15:01:27,gogoat,https://pokeapi.co/api/v2/pokemon/673/
2025-01-15 15:01:26,golbat,https://pokeapi.co/api/v2/pokemon/42/
2025-01-15 15:01:26,goldeen,https://pokeapi.co/api/v2/pokemon/118/
2025-01-15 15:01:26,golduck,https://pokeapi.co/api/v2/pokemon/55/
2025-01-15 15:01:26,golem,https://pokeapi.co/api/v2/pokemon/76/
2025-01-15 15:01:27,golem-alola,https://pokeapi.co/api/v2/pokemon/10111/
2025-01-15 15:01:27,golett,https://pokeapi.co/api/v2/pokemon/622/
2025-01-15 15:01:27,golisopod,https://pokeapi.co/api/v2/pokemon/768/
2025-01-15 15:01:27,golurk,https://pokeapi.co/api/v2/pokemon/623/
2025-01-15 15:01:27,goodra,https://pokeapi.co/api/v2/pokemon/706/
2025-01-15 15:01:28,goodra-hisui,https://pokeapi.co/api/v2/pokemon/10242/
2025-01-15 15:01:27,goomy,https://pokeapi.co/api/v2/pokemon/704/
2025-01-15 15:01:26,gorebyss,https://pokeapi.co/api/v2/pokemon/368/
2025-01-15 15:01:27,gossifleur,https://pokeapi.co/api/v2/pokemon/829/
2025-01-15 15:01:27,gothita,https://pokeapi.co/api/v2/pokemon/574/
2025-01-15 15:01:27,gothitelle,https://pokeapi.co/api/v2/pokemon/576/
2025-01-15 15:01:27,gothorita,https://pokeapi.co/api/v2/pokemon/575/
2025-01-15 15:01:27,gouging-fire,https://pokeapi.co/api/v2/pokemon/1020/
2025-01-15 15:01:27,gourgeist-average,https://pokeapi.co/api/v2/pokemon/711/
2025-01-15 15:01:27,gourgeist-large,https://pokeapi.co/api/v2/pokemon/10031/
2025-01-15 15:01:27,gourgeist-small,https://pokeapi.co/api/v2/pokemon/10030/
2025-01-15 15:01:27,gourgeist-super,https://pokeapi.co/api/v2/pokemon/10032/
2025-01-15 15:01:27,grafaiai,https://pokeapi.co/api/v2/pokemon/945/
2025-01-15 15:01:26,granbull,https://pokeapi.co/api/v2/pokemon/210/
2025-01-15 15:01:27,grapploct,https://pokeapi.co/api/v2/pokemon/853/
2025-01-15 15:01:26,graveler,https://pokeapi.co/api/v2/pokemon/75/
2025-01-15 15:01:27,graveler-alola,https://pokeapi.co/api/v2/pokemon/10110/
2025-01-15 15:01:27,great-tusk,https://pokeapi.co/api/v2/pokemon/984/
2025-01-15 15:01:27,greavard,https://pokeapi.co/api/v2/pokemon/971/
2025-01-15 15:01:27,greedent,https://pokeapi.co/api/v2/pokemon/820/
2025-01-15 15:01:27,greninja,https://pokeapi.co/api/v2/pokemon/658/
2025-01-15 15:01:27,greninja-ash,https://pokeapi.co/api/v2/pokemon/10117/
2025-01-15 15:01:27,greninja-battle-bond,https://pokeapi.co/api/v2/pokemon/10116/
2025-01-15 15:01:26,grimer,https://pokeapi.co/api/v2/pokemon/88/
2025-01-15 15:01:27,grimer-alola,https://pokeapi.co/api/v2/pokemon/10112/
2025-01-15 15:01:27,grimmsnarl,https://pokeapi.co/api/v2/pokemon/861/
2025-01-15 15:01:28,grimmsnarl-gmax,https://pokeapi.co/api/v2/pokemon/10222/
2025-01-15 15:01:27,grookey,https://pokeapi.co/api/v2/pokemon/810/
2025-01-15 15:01:26,grotle,https://pokeapi.co/api/v2/pokemon/388/
2025-01-15 15:01:26,groudon,https://pokeapi.co/api/v2/pokemon/383/
2025-01-15 15:01:27,groudon-primal,https://pokeapi.co/api/v2/pokemon/10078/
2025-01-15 15:01:26,grovyle,https://pokeapi.co/api/v2/pokemon/253/
2025-01-15 15:01:26,growlithe,https://pokeapi.co/api/v2/pokemon/58/
2025-01-15 15:01:28,growlithe-hisui,https://pokeapi.co/api/v2/pokemon/10229/
2025-01-15 15:01:27,grubbin,https://pokeapi.co/api/v2/pokemon/736/
2025-01-15 15:01:26,grumpig,https://pokeapi.co/api/v2/pokemon/326/
2025-01-15 15:01:26,gulpin,https://pokeapi.co/api/v2/pokemon/316/
2025-01-15 15:01:27,gumshoos,https://pokeapi.co/api/v2/pokemon/735/
2025-01-15 15:01:27,gumshoos-totem,https://pokeapi.co/api/v2/pokemon/10121/
2025-01-15 15:01:27,gurdurr,https://pokeapi.co/api/v2/pokemon/533/
2025-01-15 15:01:27,guzzlord,https://pokeapi.co/api/v2/pokemon/799/
2025-01-15 15:01:26,gyarados,https://pokeapi.co/api/v2/pokemon/130/
2025-01-15 15:01:27,gyarados-mega,https://pokeapi.co/api/v2/pokemon/10041/
2025-01-15 15:01:27,hakamo-o,https://pokeapi.co/api/v2/pokemon/783/
2025-01-15 15:01:26,happiny,https://pokeapi.co/api/v2/pokemon/440/
2025-01-15 15:01:26,hariyama,https://pokeapi.co/api/v2/pokemon/297/
2025-01-15 15:01:27,hatenna,https://pokeapi.co/api/v2/pokemon/856/
2025-01-15 15:01:27,hatterene,https://pokeapi.co/api/v2/pokemon/858/
2025-01-15 15:01:28,hatterene-gmax,https://pokeapi.co/api/v2/pokemon/10221/
2025-01-15 15:01:27,hattrem,https://pokeapi.co/api/v2/pokemon/857/
2025-01-15 15:01:26,haunter,https://pokeapi.co/api/v2/pokemon/93/
2025-01-15 15:01:27,hawlucha,https://pokeapi.co/api/v2/pokemon/701/
2025-01-15 15:01:27,haxorus,https://pokeapi.co/api/v2/pokemon/612/
2025-01-15 15:01:27,heatmor,https://pokeapi.co/api/v2/pokemon/631/
2025-01-15 15:01:26,heatran,https://pokeapi.co/api/v2/pokemon/485/
2025-01-15 15:01:27,heliolisk,https://pokeapi.co/api/v2/pokemon/695/
2025-01-15 15:01:27,helioptile,https://pokeapi.co/api/v2/pokemon/694/
2025-01-15 15:01:26,heracross,https://pokeapi.co/api/v2/pokemon/214/
2025-01-15 15:01:27,heracross-mega,https://pokeapi.co/api/v2/pokemon/10047/
2025-01-15 15:01:27,herdier,https://pokeapi.co/api/v2/pokemon/507/
2025-01-15 15:01:26,hippopotas,https://pokeapi.co/api/v2/pokemon/449/
2025-01-15 15:01:26,hippowdon,https://pokeapi.co/api/v2/pokemon/450/
2025-01-15 15:01:26,hitmonchan,https://pokeapi.co/api/v2/pokemon/107/
2025-01-15 15:01:26,hitmonlee,https://pokeapi.co/api/v2/pokemon/106/
2025-01-15 15:01:26,hitmontop,https://pokeapi.co/api/v2/pokemon/237/
2025-01-15 15:01:26,ho-oh,https://pokeapi.co/api/v2/pokemon/250/
2025-01-15 15:01:26,honchkrow,https://pokeapi.co/api/v2/pokemon/430/
2025-01-15 15:01:27,honedge,https://pokeapi.co/api/v2/pokemon/679/
2025-01-15 15:01:27,hoopa,https://pokeapi.co/api/v2/pokemon/720/
2025-01-15 15:01:27,hoopa-unbound,https://pokeapi.co/api/v2/pokemon/10086/
2025-01-15 15:01:26,hoothoot,https://pokeapi.co/api/v2/pokemon/163/
2025-01-15 15:01:26,hoppip,https://pokeapi.co/api/v2/pokemon/187/
2025-01-15 15:01:26,horsea,https://pokeapi.co/api/v2/pokemon/116/
2025-01-15 15:01:26,houndoom,https://pokeapi.co/api/v2/pokemon/229/
2025-01-15 15:01:27,houndoom-mega,https://pokeapi.co/api/v2/pokemon/10048/
2025-01-15 15:01:26,houndour,https://pokeapi.co/api/v2/pokemon/228/
2025-01-15 15:01:27,houndstone,https://pokeapi.co/api/v2/pokemon/972/
2025-01-15 15:01:26,huntail,https://pokeapi.co/api/v2/pokemon/367/
2025-01-15 15:01:27,hydrapple,https://pokeapi.co/api/v2/pokemon/1019/
2025-01-15 15:01:27,hydreigon,https://pokeapi.co/api/v2/pokemon/635/
2025-01-15 15:01:26,hypno,https://pokeapi.co/api/v2/pokemon/97/
2025-01-15 15:01:26,igglybuff,https://pokeapi.co/api/v2/pokemon/174/
2025-01-15 15:01:26,illumise,https://pokeapi.co/api/v2/pokemon/314/
2025-01-15 15:01:27,impidimp,https://pokeapi.co/api/v2/pokemon/859/
2025-01-15 15:01:27,incineroar,https://pokeapi.co/api/v2/pokemon/727/
2025-01-15 15:01:28,indeedee-female,https://pokeapi.co/api/v2/pokemon/10186/
2025-01-15 15:01:27,indeedee-male,https://pokeapi.co/api/v2/pokemon/876/
2025-01-15 15:01:26,infernape,https://pokeapi.co/api/v2/pokemon/392/
2025-01-15 15:01:27,inkay,https://pokeapi.co/api/v2/pokemon/686/
2025-01-15 15:01:27,inteleon,https://pokeapi.co/api/v2/pokemon/818/
2025-01-15 15:01:28,inteleon-gmax,https://pokeapi.co/api/v2/pokemon/10211/
2025-01-15 15:01:27,iron-boulder,https://pokeapi.co/api/v2/pokemon/1022/
2025-01-15 15:01:27,iron-bundle,https://pokeapi.co/api/v2/pokemon/991/
2025-01-15 15:01:27,iron-crown,https://pokeapi.co/api/v2/pokemon/1023/
2025-01-15 15:01:27,iron-hands,https://pokeapi.co/api/v2/pokemon/992/
2025-01-15 15:01:27,iron-jugulis,https://pokeapi.co/api/v2/pokemon/993/
2025-01-15 15:01:27,iron-leaves,https://pokeapi.co/api/v2/pokemon/1010/
2025-01-15 15:01:27,iron-moth,https://pokeapi.co/api/v2/pokemon/994/
2025-01-15 15:01:27,iron-thorns,https://pokeapi.co/api/v2/pokemon/995/
2025-01-15 15:01:27,iron-treads,https://pokeapi.co/api/v2/pokemon/990/
2025-01-15 15:01:27,iron-valiant,https://pokeapi.co/api/v2/pokemon/1006/
2025-01-15 15:01:26,ivysaur,https://pokeapi.co/api/v2/pokemon/2/
2025-01-15 15:01:27,jangmo-o,https://pokeapi.co/api/v2/pokemon/782/
2025-01-15 15:01:27,jellicent,https://pokeapi.co/api/v2/pokemon/593/
2025-01-15 15:01:26,jigglypuff,https://pokeapi.co/api/v2/pokemon/39/
2025-01-15 15:01:26,jirachi,https://pokeapi.co/api/v2/pokemon/385/
2025-01-15 15:01:26,jolteon,https://pokeapi.co/api/v2/pokemon/135/
2025-01-15 15:01:27,joltik,https://pokeapi.co/api/v2/pokemon/595/
2025-01-15 15:01:26,jumpluff,https://pokeapi.co/api/v2/pokemon/189/
2025-01-15 15:01:26,jynx,https://pokeapi.co/api/v2/pokemon/124/
2025-01-15 15:01:26,kabuto,https://pokeapi.co/api/v2/pokemon/140/
2025-01-15 15:01:26,kabutops,https://pokeapi.co/api/v2/pokemon/141/
2025-01-15 15:01:26,kadabra,https://pokeapi.co/api/v2/pokemon/64/
2025-01-15 15:01:26,kakuna,https://pokeapi.co/api/v2/pokemon/14/
2025-01-15 15:01:26,kangaskhan,https://pokeapi.co/api/v2/pokemon/115/
2025-01-15 15:01:27,kangaskhan-mega,https://pokeapi.co/api/v2/pokemon/10039/
2025-01-15 15:01:27,karrablast,https://pokeapi.co/api/v2/pokemon/588/
2025-01-15 15:01:27,kartana,https://pokeapi.co/api/v2/pokemon/798/
2025-01-15 15:01:26,kecleon,https://pokeapi.co/api/v2/pokemon/352/
2025-01-15 15:01:27,keldeo-ordinary,https://pokeapi.co/api/v2/pokemon/647/
2025-01-15 15:01:27,keldeo-resolute,https://pokeapi.co/api/v2/pokemon/10024/
2025-01-15 15:01:27,kilowattrel,https://pokeapi.co/api/v2/pokemon/941/
2025-01-15 15:01:27,kingambit,https://pokeapi.co/api/v2/pokemon/983/
2025-01-15 15:01:26,kingdra,https://pokeapi.co/api/v2/pokemon/230/
2025-01-15 15:01:26,kingler,https://pokeapi.co/api/v2/pokemon/99/
2025-01-15 15:01:28,kingler-gmax,https://pokeapi.co/api/v2/pokemon/10203/
2025-01-15 15:01:26,kirlia,https://pokeapi.co/api/v2/pokemon/281/
2025-01-15 15:01:27,klang,https://pokeapi.co/api/v2/pokemon/600/
2025-01-15 15:01:27,klawf,https://pokeapi.co/api/v2/pokemon/950/
2025-01-15 15:01:27,kleavor,https://pokeapi.co/api/v2/pokemon/900/
2025-01-15 15:01:27,klefki,https://pokeapi.co/api/v2/pokemon/707/
2025-01-15 15:01:27,klink,https://pokeapi.co/api/v2/pokemon/599/
2025-01-15 15:01:27,klinklang,https://pokeapi.co/api/v2/pokemon/601/
2025-01-15 15:01:26,koffing,https://pokeapi.co/api/v2/pokemon/109/
2025-01-15 15:01:27,komala,https://pokeapi.co/api/v2/pokemon/775/
2025-01-15 15:01:27,kommo-o,https://pokeapi.co/api/v2/pokemon/784/
2025-01-15 15:01:27,kommo-o-totem,https://pokeapi.co/api/v2/pokemon/10146/
2025-01-15 15:01:27,koraidon,https://pokeapi.co/api/v2/pokemon/1007/
2025-01-15 15:01:28,koraidon-gliding-build,https://pokeapi.co/api/v2/pokemon/10267/
2025-01-15 15:01:28,koraidon-limited-build,https://pokeapi.co/api/v2/pokemon/10264/
2025-01-15 15:01:28,koraidon-sprinting-build,https://pokeapi.co/api/v2/pokemon/10265/
2025-01-15 15:01:28,koraidon-swimming-build,https://pokeapi.co/api/v2/pokemon/10266/
2025-01-15 15:01:26,krabby,https://pokeapi.co/api/v2/pokemon/98/
2025-01-15 15:01:26,kricketot,https://pokeapi.co/api/v2/pokemon/401/
2025-01-15 15:01:26,kricketune,https://pokeapi.co/api/v2/pokemon/402/
2025-01-15 15:01:27,krokorok,https://pokeapi.co/api/v2/pokemon/552/
2025-01-15 15:01:27,krookodile,https://pokeapi.co/api/v2/pokemon/553/
2025-01-15 15:01:27,kubfu,https://pokeapi.co/api/v2/pokemon/891/
2025-01-15 15:01:26,kyogre,https://pokeapi.co/api/v2/pokemon/382/
2025-01-15 15:01:27,kyogre-primal,https://pokeapi.co/api/v2/pokemon/10077/
2025-01-15 15:01:27,kyurem,https://pokeapi.co/api/v2/pokemon/646/
2025-01-15 15:01:27,kyurem-black,https://pokeapi.co/api/v2/pokemon/10022/
2025-01-15 15:01:27,kyurem-white,https://pokeapi.co/api/v2/pokemon/10023/
2025-01-15 15:01:26,lairon,https://pokeapi.co/api/v2/pokemon/305/
2025-01-15 15:01:27,lampent,https://pokeapi.co/api/v2/pokemon/608/
2025-01-15 15:01:27,landorus-incarnate,https://pokeapi.co/api/v2/pokemon/645/
2025-01-15 15:01:27,landorus-therian,https://pokeapi.co/api/v2/pokemon/10021/
2025-01-15 15:01:26,lanturn,https://pokeapi.co/api/v2/pokemon/171/
2025-01-15 15:01:26,lapras,https://pokeapi.co/api/v2/pokemon/131/
2025-01-15 15:01:28,lapras-gmax,https://pokeapi.co/api/v2/pokemon/10204/
2025-01-15 15:01:27,larvesta,https://pokeapi.co/api/v2/pokemon/636/
2025-01-15 15:01:26,larvitar,https://pokeapi.co/api/v2/pokemon/246/
2025-01-15 15:01:26,latias,https://pokeapi.co/api/v2/pokemon/380/
2025-01-15 15:01:27,latias-mega,https://pokeapi.co/api/v2/pokemon/10062/
2025-01-15 15:01:26,latios,https://pokeapi.co/api/v2/pokemon/381/
2025-01-15 15:01:27,latios-mega,https://pokeapi.co/api/v2/pokemon/10063/
2025-01-15 15:01:26,leafeon,https://pokeapi.co/api/v2/pokemon/470/
2025-01-15 15:01:27,leavanny,https://pokeapi.co/api/v2/pokemon/542/
2025-01-15 15:01:27,lechonk,https://pokeapi.co/api/v2/pokemon/915/
2025-01-15 15:01:26,ledian,https://pokeapi.co/api/v2/pokemon/166/
2025-01-15 15:01:26,ledyba,https://pokeapi.co/api/v2/pokemon/165/
2025-01-15 15:01:26,lickilicky,https://pokeapi.co/api/v2/pokemon/463/
2025-01-15 15:01:26,lickitung,https://pokeapi.co/api/v2/pokemon/108/
2025-01-15 15:01:27,liepard,https://pokeapi.co/api/v2/pokemon/510/
2025-01-15 15:01:26,lileep,https://pokeapi.co/api/v2/pokemon/345/
2025-01-15 15:01:27,lilligant,https://pokeapi.co/api/v2/pokemon/549/
2025-01-15 15:01:28,lilligant-hisui,https://pokeapi.co/api/v2/pokemon/10237/
2025-01-15 15:01:27,lillipup,https://pokeapi.co/api/v2/pokemon/506/
2025-01-15 15:01:26,linoone,https://pokeapi.co/api/v2/pokemon/264/
2025-01-15 15:01:27,linoone-galar,https://pokeapi.co/api/v2/pokemon/10175/
2025-01-15 15:01:27,litleo,https://pokeapi.co/api/v2/pokemon/667/
2025-01-15 15:01:27,litten,https://pokeapi.co/api/v2/pokemon/725/
2025-01-15 15:01:27,litwick,https://pokeapi.co/api/v2/pokemon/607/
2025-01-15 15:01:27,lokix,https://pokeapi.co/api/v2/pokemon/920/
2025-01-15 15:01:26,lombre,https://pokeapi.co/api/v2/pokemon/271/
2025-01-15 15:01:26,lopunny,https://pokeapi.co/api/v2/pokemon/428/
2025-01-15 15:01:27,lopunny-mega,https://pokeapi.co/api/v2/pokemon/10088/
2025-01-15 15:01:26,lotad,https://pokeapi.co/api/v2/pokemon/270/
2025-01-15 15:01:26,loudred,https://pokeapi.co/api/v2/pokemon/294/
2025-01-15 15:01:26,lucario,https://pokeapi.co/api/v2/pokemon/448/
2025-01-15 15:01:27,lucario-mega,https://pokeapi.co/api/v2/pokemon/10059/
2025-01-15 15:01:26,ludicolo,https://pokeapi.co/api/v2/pokemon/272/
2025-01-15 15:01:26,lugia,https://pokeapi.co/api/v2/pokemon/249/
2025-01-15 15:01:26,lumineon,https://pokeapi.co/api/v2/pokemon/457/
2025-01-15 15:01:27,lunala,https://pokeapi.co/api/v2/pokemon/792/
2025-01-15 15:01:26,lunatone,https://pokeapi.co/api/v2/pokemon/337/
2025-01-15 15:01:27,lurantis,https://pokeapi.co/api/v2/pokemon/754/
2025-01-15 15:01:27,lurantis-totem,https://pokeapi.co/api/v2/pokemon/10128/
2025-01-15 15:01:26,luvdisc,https://pokeapi.co/api/v2/pokemon/370/
2025-01-15 15:01:26,luxio,https://pokeapi.co/api/v2/pokemon/404/
2025-01-15 15:01:26,luxray,https://pokeapi.co/api/v2/pokemon/405/
2025-01-15 15:01:27,lycanroc-dusk,https://pokeapi.co/api/v2/pokemon/10152/
2025-01-15 15:01:27,lycanroc-midday,https://pokeapi.co/api/v2/pokemon/745/
2025-01-15 15:01:27,lycanroc-midnight,https://pokeapi.co/api/v2/pokemon/10126/
2025-01-15 15:01:27,mabosstiff,https://pokeapi.co/api/v2/pokemon/943/
2025-01-15 15:01:26,machamp,https://pokeapi.co/api/v2/pokemon/68/
2025-01-15 15:01:28,machamp-gmax,https://pokeapi.co/api/v2/pokemon/10201/
2025-01-15 15:01:26,machoke,https://pokeapi.co/api/v2/pokemon/67/
2025-01-15 15:01:26,machop,https://pokeapi.co/api/v2/pokemon/66/
2025-01-15 15:01:26,magby,https://pokeapi.co/api/v2/pokemon/240/
2025-01-15 15:01:26,magcargo,https://pokeapi.co/api/v2/pokemon/219/
2025-01-15 15:01:27,magearna,https://pokeapi.co/api/v2/pokemon/801/
2025-01-15 15:01:27,magearna-original,https://pokeapi.co/api/v2/pokemon/10147/
2025-01-15 15:01:26,magikarp,https://pokeapi.co/api/v2/pokemon/129/
2025-01-15 15:01:26,magmar,https://pokeapi.co/api/v2/pokemon/126/
2025-01-15 15:01:26,magmortar,https://pokeapi.co/api/v2/pokemon/467/
2025-01-15 15:01:26,magnemite,https://pokeapi.co/api/v2/pokemon/81/
2025-01-15 15:01:26,magneton,https://pokeapi.co/api/v2/pokemon/82/
2025-01-15 15:01:26,magnezone,https://pokeapi.co/api/v2/pokemon/462/
2025-01-15 15:01:26,makuhita,https://pokeapi.co/api/v2/pokemon/296/
2025-01-15 15:01:27,malamar,https://pokeapi.co/api/v2/pokemon/687/
2025-01-15 15:01:26,mamoswine,https://pokeapi.co/api/v2/pokemon/473/
2025-01-15 15:01:26,manaphy,https://pokeapi.co/api/v2/pokemon/490/
2025-01-15 15:01:27,mandibuzz,https://pokeapi.co/api/v2/pokemon/630/
2025-01-15 15:01:26,manectric,https://pokeapi.co/api/v2/pokemon/310/
2025-01-15 15:01:27,manectric-mega,https://pokeapi.co/api/v2/pokemon/10055/
2025-01-15 15:01:26,mankey,https://pokeapi.co/api/v2/pokemon/56/
2025-01-15 15:01:26,mantine,https://pokeapi.co/api/v2/pokemon/226/
2025-01-15 15:01:26,mantyke,https://pokeapi.co/api/v2/pokemon/458/
2025-01-15 15:01:27,maractus,https://pokeapi.co/api/v2/pokemon/556/
2025-01-15 15:01:27,mareanie,https://pokeapi.co/api/v2/pokemon/747/
2025-01-15 15:01:26,mareep,https://pokeapi.co/api/v2/pokemon/179/
2025-01-15 15:01:26,marill,https://pokeapi.co/api/v2/pokemon/183/
2025-01-15 15:01:26,marowak,https://pokeapi.co/api/v2/pokemon/105/
2025-01-15 15:01:27,marowak-alola,https://pokeapi.co/api/v2/pokemon/10115/
2025-01-15 15:01:27,marowak-totem,https://pokeapi.co/api/v2/pokemon/10149/
2025-01-15 15:01:27,marshadow,https://pokeapi.co/api/v2/pokemon/802/
2025-01-15 15:01:26,marshtomp,https://pokeapi.co/api/v2/pokemon/259/
2025-01-15 15:01:27,maschiff,https://pokeapi.co/api/v2/pokemon/942/
2025-01-15 15:01:26,masquerain,https://pokeapi.co/api/v2/pokemon/284/
2025-01-15 15:01:27,maushold-family-of-four,https://pokeapi.co/api/v2/pokemon/925/
2025-01-15 15:01:28,maushold-family-of-three,https://pokeapi.co/api/v2/pokemon/10257/
2025-01-15 15:01:26,mawile,https://pokeapi.co/api/v2/pokemon/303/
2025-01-15 15:01:27,mawile-mega,https://pokeapi.co/api/v2/pokemon/10052/
2025-01-15 15:01:26,medicham,https://pokeapi.co/api/v2/pokemon/308/
2025-01-15 15:01:27,medicham-mega,https://pokeapi.co/api/v2/pokemon/10054/
2025-01-15 15:01:26,meditite,https://pokeapi.co/api/v2/pokemon/307/
2025-01-15 15:01:26,meganium,https://pokeapi.co/api/v2/pokemon/154/
2025-01-15 15:01:27,melmetal,https://pokeapi.co/api/v2/pokemon/809/
2025-01-15 15:01:28,melmetal-gmax,https://pokeapi.co/api/v2/pokemon/10208/
2025-01-15 15:01:27,meloetta-aria,https://pokeapi.co/api/v2/pokemon/648/
2025-01-15 15:01:27,meloetta-pirouette,https://pokeapi.co/api/v2/pokemon/10018/
2025-01-15 15:01:27,meltan,https://pokeapi.co/api/v2/pokemon/808/
2025-01-15 15:01:27,meowscarada,https://pokeapi.co/api/v2/pokemon/908/
2025-01-15 15:01:27,meowstic-female,https://pokeapi.co/api/v2/pokemon/10025/
2025-01-15 15:01:27,meowstic-male,https://pokeapi.co/api/v2/pokemon/678/
2025-01-15 15:01:26,meowth,https://pokeapi.co/api/v2/pokemon/52/
2025-01-15 15:01:27,meowth-alola,https://pokeapi.co/api/v2/pokemon/10107/
2025-01-15 15:01:27,meowth-galar,https://pokeapi.co/api/v2/pokemon/10161/
2025-01-15 15:01:28,meowth-gmax,https://pokeapi.co/api/v2/pokemon/10200/
2025-01-15 15:01:26,mesprit,https://pokeapi.co/api/v2/pokemon/481/
2025-01-15 15:01:26,metagross,https://pokeapi.co/api/v2/pokemon/376/
2025-01-15 15:01:27,metagross-mega,https://pokeapi.co/api/v2/pokemon/10076/
2025-01-15 15:01:26,metang,https://pokeapi.co/api/v2/pokemon/375/
2025-01-15 15:01:26,metapod,https://pokeapi.co/api/v2/pokemon/11/
2025-01-15 15:01:26,mew,https://pokeapi.co/api/v2/pokemon/151/
2025-01-15 15:01:26,mewtwo,https://pokeapi.co/api/v2/pokemon/150/
2025-01-15 15:01:27,mewtwo-mega-x,https://pokeapi.co/api/v2/pokemon/10043/
2025-01-15 15:01:27,mewtwo-mega-y,https://pokeapi.co/api/v2/pokemon/10044/
2025-01-15 15:01:27,mienfoo,https://pokeapi.co/api/v2/pokemon/619/
2025-01-15 15:01:27,mienshao,https://pokeapi.co/api/v2/pokemon/620/
2025-01-15 15:01:26,mightyena,https://pokeapi.co/api/v2/pokemon/262/
2025-01-15 15:01:27,milcery,https://pokeapi.co/api/v2/pokemon/868/
2025-01-15 15:01:26,milotic,https://pokeapi.co/api/v2/pokemon/350/
2025-01-15 15:01:26,miltank,https://pokeapi.co/api/v2/pokemon/241/
2025-01-15 15:01:26,mime-jr,https://pokeapi.co/api/v2/pokemon/439/
2025-01-15 15:01:27,mimikyu-busted,https://pokeapi.co/api/v2/pokemon/10143/
2025-01-15 15:01:27,mimikyu-disguised,https://pokeapi.co/api/v2/pokemon/778/
2025-01-15 15:01:27,mimikyu-totem-busted,https://pokeapi.co/api/v2/pokemon/10145/
2025-01-15 15:01:27,mimikyu-totem-disguised,https://pokeapi.co/api/v2/pokemon/10144/
2025-01-15 15:01:27,minccino,https://pokeapi.co/api/v2/pokemon/572/
2025-01-15 15:01:27,minior-blue,https://pokeapi.co/api/v2/pokemon/10140/
2025-01-15 15:01:27,minior-blue-meteor,https://pokeapi.co/api/v2/pokemon/10133/
2025-01-15 15:01:27,minior-green,https://pokeapi.co/api/v2/pokemon/10139/
2025-01-15 15:01:27,minior-green-meteor,https://pokeapi.co/api/v2/pokemon/10132/
2025-01-15 15:01:27,minior-indigo,https://pokeapi.co/api/v2/pokemon/10141/
2025-01-15 15:01:27,minior-indigo-meteor,https://pokeapi.co/api/v2/pokemon/10134/
2025-01-15 15:01:27,minior-orange,https://pokeapi.co/api/v2/pokemon/10137/
2025-01-15 15:01:27,minior-orange-meteor,https://pokeapi.co/api/v2/pokemon/10130/
2025-01-15 15:01:27,minior-red,https://pokeapi.co/api/v2/pokemon/10136/
2025-01-15 15:01:27,minior-red-meteor,https://pokeapi.co/api/v2/pokemon/774/
2025-01-15 15:01:27,minior-violet,https://pokeapi.co/api/v2/pokemon/10142/
2025-01-15 15:01:27,minior-violet-meteor,https://pokeapi.co/api/v2/pokemon/10135/
2025-01-15 15:01:27,minior-yellow,https://pokeapi.co/api/v2/pokemon/10138/
2025-01-15 15:01:27,minior-yellow-meteor,https://pokeapi.co/api/v2/pokemon/10131/
2025-01-15 15:01:26,minun,https://pokeapi.co/api/v2/pokemon/312/
2025-01-15 15:01:27,miraidon,https://pokeapi.co/api/v2/pokemon/1008/
2025-01-15 15:01:28,miraidon-aquatic-mode,https://pokeapi.co/api/v2/pokemon/10270/
2025-01-15 15:01:28,miraidon-drive-mode,https://pokeapi.co/api/v2/pokemon/10269/
2025-01-15 15:01:28,miraidon-glide-mode,https://pokeapi.co/api/v2/pokemon/10271/
2025-01-15 15:01:28,miraidon-low-power-mode,https://pokeapi.co/api/v2/pokemon/10268/
2025-01-15 15:01:26,misdreavus,https://pokeapi.co/api/v2/pokemon/200/
2025-01-15 15:01:26,mismagius,https://pokeapi.co/api/v2/pokemon/429/
2025-01-15 15:01:26,moltres,https://pokeapi.co/api/v2/pokemon/146/
2025-01-15 15:01:27,moltres-galar,https://pokeapi.co/api/v2/pokemon/10171/
2025-01-15 15:01:26,monferno,https://pokeapi.co/api/v2/pokemon/391/
2025-01-15 15:01:27,morelull,https://pokeapi.co/api/v2/pokemon/755/
2025-01-15 15:01:27,morgrem,https://pokeapi.co/api/v2/pokemon/860/
2025-01-15 15:01:27,morpeko-full-belly,https://pokeapi.co/api/v2/pokemon/877/
2025-01-15 15:01:28,morpeko-hangry,https://pokeapi.co/api/v2/pokemon/10187/
2025-01-15 15:01:26,mothim,https://pokeapi.co/api/v2/pokemon/414/
2025-01-15 15:01:26,mr-mime,https://pokeapi.co/api/v2/pokemon/122/
2025-01-15 15:01:27,mr-mime-galar,https://pokeapi.co/api/v2/pokemon/10168/
2025-01-15 15:01:27,mr-rime,https://pokeapi.co/api/v2/pokemon/866/
2025-01-15 15:01:27,mudbray,https://pokeapi.co/api/v2/pokemon/749/
2025-01-15 15:01:26,mudkip,https://pokeapi.co/api/v2/pokemon/258/
2025-01-15 15:01:27,mudsdale,https://pokeapi.co/api/v2/pokemon/750/
2025-01-15 15:01:26,muk,https://pokeapi.co/api/v2/pokemon/89/
2025-01-15 15:01:27,muk-alola,https://pokeapi.co/api/v2/pokemon/10113/
2025-01-15 15:01:26,munchlax,https://pokeapi.co/api/v2/pokemon/446/
2025-01-15 15:01:27,munkidori,https://pokeapi.co/api/v2/pokemon/1015/
2025-01-15 15:01:27,munna,https://pokeapi.co/api/v2/pokemon/517/
2025-01-15 15:01:26,murkrow,https://pokeapi.co/api/v2/pokemon/198/
2025-01-15 15:01:27,musharna,https://pokeapi.co/api/v2/pokemon/518/
2025-01-15 15:01:27,nacli,https://pokeapi.co/api/v2/pokemon/932/
2025-01-15 15:01:27,naclstack,https://pokeapi.co/api/v2/pokemon/933/
2025-01-15 15:01:27,naganadel,https://pokeapi.co/api/v2/pokemon/804/
2025-01-15 15:01:26,natu,https://pokeapi.co/api/v2/pokemon/177/
2025-01-15 15:01:27,necrozma,https://pokeapi.co/api/v2/pokemon/800/
2025-01-15 15:01:27,necrozma-dawn,https://pokeapi.co/api/v2/pokemon/10156/
2025-01-15 15:01:27,necrozma-dusk,https://pokeapi.co/api/v2/pokemon/10155/
2025-01-15 15:01:27,necrozma-ultra,https://pokeapi.co/api/v2/pokemon/10157/
2025-01-15 15:01:27,nickit,https://pokeapi.co/api/v2/pokemon/827/
2025-01-15 15:01:26,nidoking,https://pokeapi.co/api/v2/pokemon/34/
2025-01-15 15:01:26,nidoqueen,https://pokeapi.co/api/v2/pokemon/31/
2025-01-15 15:01:26,nidoran-f,https://pokeapi.co/api/v2/pokemon/29/
2025-01-15 15:01:26,nidoran-m,https://pokeapi.co/api/v2/pokemon/32/
2025-01-15 15:01:26,nidorina,https://pokeapi.co/api/v2/pokemon/30/
2025-01-15 15:01:26,nidorino,https://pokeapi.co/api/v2/pokemon/33/
2025-01-15 15:01:27,nihilego,https://pokeapi.co/api/v2/pokemon/793/
2025-01-15 15:01:26,nincada,https://pokeapi.co/api/v2/pokemon/290/
2025-01-15 15:01:26,ninetales,https://pokeapi.co/api/v2/pokemon/38/
2025-01-15 15:01:27,ninetales-alola,https://pokeapi.co/api/v2/pokemon/10104/
2025-01-15 15:01:26,ninjask,https://pokeapi.co/api/v2/pokemon/291/
2025-01-15 15:01:26,noctowl,https://pokeapi.co/api/v2/pokemon/164/
2025-01-15 15:01:27,noibat,https://pokeapi.co/api/v2/pokemon/714/
2025-01-15 15:01:27,noivern,https://pokeapi.co/api/v2/pokemon/715/
2025-01-15 15:01:26,nosepass,https://pokeapi.co/api/v2/pokemon/299/
2025-01-15 15:01:26,numel,https://pokeapi.co/api/v2/pokemon/322/
2025-01-15 15:01:26,nuzleaf,https://pokeapi.co/api/v2/pokemon/274/
2025-01-15 15:01:27,nymble,https://pokeapi.co/api/v2/pokemon/919/
2025-01-15 15:01:27,obstagoon,https://pokeapi.co/api/v2/pokemon/862/
2025-01-15 15:01:26,octillery,https://pokeapi.co/api/v2/pokemon/224/
2025-01-15 15:01:26,oddish,https://pokeapi.co/api/v2/pokemon/43/
2025-01-15 15:01:27,ogerpon,https://pokeapi.co/api/v2/pokemon/1017/
2025-01-15 15:01:28,ogerpon-cornerstone-mask,https://pokeapi.co/api/v2/pokemon/10275/
2025-01-15 15:01:28,ogerpon-hearthflame-mask,https://pokeapi.co/api/v2/pokemon/10274/
2025-01-15 15:01:28,ogerpon-wellspring-mask,https://pokeapi.co/api/v2/pokemon/10273/
2025-01-15 15:01:28,oinkologne-female,https://pokeapi.co/api/v2/pokemon/10254/
2025-01-15 15:01:27,oinkologne-male,https://pokeapi.co/api/v2/pokemon/916/
2025-01-15 15:01:27,okidogi,https://pokeapi.co/api/v2/pokemon/1014/
2025-01-15 15:01:26,omanyte,https://pokeapi.co/api/v2/pokemon/138/
2025-01-15 15:01:26,omastar,https://pokeapi.co/api/v2/pokemon/139/
2025-01-15 15:01:26,onix,https://pokeapi.co/api/v2/pokemon/95/
2025-01-15 15:01:27,oranguru,https://pokeapi.co/api/v2/pokemon/765/
2025-01-15 15:01:27,orbeetle,https://pokeapi.co/api/v2/pokemon/826/
2025-01-15 15:01:28,orbeetle-gmax,https://pokeapi.co/api/v2/pokemon/10213/
2025-01-15 15:01:27,oricorio-baile,https://pokeapi.co/api/v2/pokemon/741/
2025-01-15 15:01:27,oricorio-pau,https://pokeapi.co/api/v2/pokemon/10124/
2025-01-15 15:01:27,oricorio-pom-pom,https://pokeapi.co/api/v2/pokemon/10123/
2025-01-15 15:01:27,oricorio-sensu,https://pokeapi.co/api/v2/pokemon/10125/
2025-01-15 15:01:27,orthworm,https://pokeapi.co/api/v2/pokemon/968/
2025-01-15 15:01:27,oshawott,https://pokeapi.co/api/v2/pokemon/501/
2025-01-15 15:01:27,overqwil,https://pokeapi.co/api/v2/pokemon/904/
2025-01-15 15:01:26,pachirisu,https://pokeapi.co/api/v2/pokemon/417/
2025-01-15 15:01:28,palafin-hero,https://pokeapi.co/api/v2/pokemon/10256/
2025-01-15 15:01:27,palafin-zero,https://pokeapi.co/api/v2/pokemon/964/
2025-01-15 15:01:26,palkia,https://pokeapi.co/api/v2/pokemon/484/
2025-01-15 15:01:28,palkia-origin,https://pokeapi.co/api/v2/pokemon/10246/
2025-01-15 15:01:27,palossand,https://pokeapi.co/api/v2/pokemon/770/
2025-01-15 15:01:27,palpitoad,https://pokeapi.co/api/v2/pokemon/536/
2025-01-15 15:01:27,pancham,https://pokeapi.co/api/v2/pokemon/674/
2025-01-15 15:01:27,pangoro,https://pokeapi.co/api/v2/pokemon/675/
2025-01-15 15:01:27,panpour,https://pokeapi.co/api/v2/pokemon/515/
2025-01-15 15:01:27,pansage,https://pokeapi.co/api/v2/pokemon/511/
2025-01-15 15:01:27,pansear,https://pokeapi.co/api/v2/pokemon/513/
2025-01-15 15:01:26,paras,https://pokeapi.co/api/v2/pokemon/46/
2025-01-15 15:01:26,parasect,https://pokeapi.co/api/v2/pokemon/47/
2025-01-15 15:01:27,passimian,https://pokeapi.co/api/v2/pokemon/766/
2025-01-15 15:01:27,patrat,https://pokeapi.co/api/v2/pokemon/504/
2025-01-15 15:01:27,pawmi,https://pokeapi.co/api/v2/pokemon/921/
2025-01-15 15:01:27,pawmo,https://pokeapi.co/api/v2/pokemon/922/
2025-01-15 15:01:27,pawmot,https://pokeapi.co/api/v2/pokemon/923/
2025-01-15 15:01:27,pawniard,https://pokeapi.co/api/v2/pokemon/624/
2025-01-15 15:01:27,pecharunt,https://pokeapi.co/api/v2/pokemon/1025/
2025-01-15 15:01:26,pelipper,https://pokeapi.co/api/v2/pokemon/279/
2025-01-15 15:01:27,perrserker,https://pokeapi.co/api/v2/pokemon/863/
2025-01-15 15:01:26,persian,https://pokeapi.co/api/v2/pokemon/53/
2025-01-15 15:01:27,persian-alola,https://pokeapi.co/api/v2/pokemon/10108/
2025-01-15 15:01:27,petilil,https://pokeapi.co/api/v2/pokemon/548/
2025-01-15 15:01:26,phanpy,https://pokeapi.co/api/v2/pokemon/231/
2025-01-15 15:01:27,phantump,https://pokeapi.co/api/v2/pokemon/708/
2025-01-15 15:01:27,pheromosa,https://pokeapi.co/api/v2/pokemon/795/
2025-01-15 15:01:26,phione,https://pokeapi.co/api/v2/pokemon/489/
2025-01-15 15:01:26,pichu,https://pokeapi.co/api/v2/pokemon/172/
2025-01-15 15:01:26,pidgeot,https://pokeapi.co/api/v2/pokemon/18/
2025-01-15 15:01:27,pidgeot-mega,https://pokeapi.co/api/v2/pokemon/10073/
2025-01-15 15:01:26,pidgeotto,https://pokeapi.co/api/v2/pokemon/17/
2025-01-15 15:01:26,pidgey,https://pokeapi.co/api/v2/pokemon/16/
2025-01-15 15:01:27,pidove,https://pokeapi.co/api/v2/pokemon/519/
2025-01-15 15:01:26,pignite,https://pokeapi.co/api/v2/pokemon/499/
2025-01-15 15:01:26,pikachu,https://pokeapi.co/api/v2/pokemon/25/
2025-01-15 15:01:27,pikachu-alola-cap,https://pokeapi.co/api/v2/pokemon/10099/
2025-01-15 15:01:27,pikachu-belle,https://pokeapi.co/api/v2/pokemon/10081/
2025-01-15 15:01:27,pikachu-cosplay,https://pokeapi.co/api/v2/pokemon/10085/
2025-01-15 15:01:28,pikachu-gmax,https://pokeapi.co/api/v2/pokemon/10199/
2025-01-15 15:01:27,pikachu-hoenn-cap,https://pokeapi.co/api/v2/pokemon/10095/
2025-01-15 15:01:27,pikachu-kalos-cap,https://pokeapi.co/api/v2/pokemon/10098/
2025-01-15 15:01:27,pikachu-libre,https://pokeapi.co/api/v2/pokemon/10084/
2025-01-15 15:01:27,pikachu-original-cap,https://pokeapi.co/api/v2/pokemon/10094/
2025-01-15 15:01:27,pikachu-partner-cap,https://pokeapi.co/api/v2/pokemon/10148/
2025-01-15 15:01:27,pikachu-phd,https://pokeapi.co/api/v2/pokemon/10083/
2025-01-15 15:01:27,pikachu-pop-star,https://pokeapi.co/api/v2/pokemon/10082/
2025-01-15 15:01:27,pikachu-rock-star,https://pokeapi.co/api/v2/pokemon/10080/
2025-01-15 15:01:27,pikachu-sinnoh-cap,https://pokeapi.co/api/v2/pokemon/10096/
2025-01-15 15:01:27,pikachu-starter,https://pokeapi.co/api/v2/pokemon/10158/
2025-01-15 15:01:27,pikachu-unova-cap,https://pokeapi.co/api/v2/pokemon/10097/
2025-01-15 15:01:27,pikachu-world-cap,https://pokeapi.co/api/v2/pokemon/10160/
2025-01-15 15:01:27,pikipek,https://pokeapi.co/api/v2/pokemon/731/
2025-01-15 15:01:26,piloswine,https://pokeapi.co/api/v2/pokemon/221/
2025-01-15 15:01:27,pincurchin,https://pokeapi.co/api/v2/pokemon/871/
2025-01-15 15:01:26,pineco,https://pokeapi.co/api/v2/pokemon/204/
2025-01-15 15:01:26,pinsir,https://pokeapi.co/api/v2/pokemon/127/
2025-01-15 15:01:27,pinsir-mega,https://pokeapi.co/api/v2/pokemon/10040/
2025-01-15 15:01:26,piplup,https://pokeapi.co/api/v2/pokemon/393/
2025-01-15 15:01:26,plusle,https://pokeapi.co/api/v2/pokemon/311/
2025-01-15 15:01:27,poipole,https://pokeapi.co/api/v2/pokemon/803/
2025-01-15 15:01:26,politoed,https://pokeapi.co/api/v2/pokemon/186/
2025-01-15 15:01:26,poliwag,https://pokeapi.co/api/v2/pokemon/60/
2025-01-15 15:01:26,poliwhirl,https://pokeapi.co/api/v2/pokemon/61/
2025-01-15 15:01:26,poliwrath,https://pokeapi.co/api/v2/pokemon/62/
2025-01-15 15:01:27,poltchageist,https://pokeapi.co/api/v2/pokemon/1012/
2025-01-15 15:01:27,polteageist,https://pokeapi.co/api/v2/pokemon/855/
2025-01-15 15:01:26,ponyta,https://pokeapi.co/api/v2/pokemon/77/
2025-01-15 15:01:27,ponyta-galar,https://pokeapi.co/api/v2/pokemon/10162/
2025-01-15 15:01:26,poochyena,https://pokeapi.co/api/v2/pokemon/261/
2025-01-15 15:01:27,popplio,https://pokeapi.co/api/v2/pokemon/728/
2025-01-15 15:01:26,porygon,https://pokeapi.co/api/v2/pokemon/137/
2025-01-15 15:01:26,porygon-z,https://pokeapi.co/api/v2/pokemon/474/
2025-01-15 15:01:26,porygon2,https://pokeapi.co/api/v2/pokemon/233/
2025-01-15 15:01:27,primarina,https://pokeapi.co/api/v2/pokemon/730/
2025-01-15 15:01:26,primeape,https://pokeapi.co/api/v2/pokemon/57/
2025-01-15 15:01:26,prinplup,https://pokeapi.co/api/v2/pokemon/394/
2025-01-15 15:01:26,probopass,https://pokeapi.co/api/v2/pokemon/476/
2025-01-15 15:01:26,psyduck,https://pokeapi.co/api/v2/pokemon/54/
2025-01-15 15:01:27,pumpkaboo-average,https://pokeapi.co/api/v2/pokemon/710/
2025-01-15 15:01:27,pumpkaboo-large,https://pokeapi.co/api/v2/pokemon/10028/
2025-01-15 15:01:27,pumpkaboo-small,https://pokeapi.co/api/v2/pokemon/10027/
2025-01-15 15:01:27,pumpkaboo-super,https://pokeapi.co/api/v2/pokemon/10029/
2025-01-15 15:01:26,pupitar,https://pokeapi.co/api/v2/pokemon/247/
2025-01-15 15:01:27,purrloin,https://pokeapi.co/api/v2/pokemon/509/
2025-01-15 15:01:26,purugly,https://pokeapi.co/api/v2/pokemon/432/
2025-01-15 15:01:27,pyroar,https://pokeapi.co/api/v2/pokemon/668/
2025-01-15 15:01:27,pyukumuku,https://pokeapi.co/api/v2/pokemon/771/
2025-01-15 15:01:26,quagsire,https://pokeapi.co/api/v2/pokemon/195/
2025-01-15 15:01:27,quaquaval,https://pokeapi.co/api/v2/pokemon/914/
2025-01-15 15:01:27,quaxly,https://pokeapi.co/api/v2/pokemon/912/
2025-01-15 15:01:27,quaxwell,https://pokeapi.co/api/v2/pokemon/913/
2025-01-15 15:01:26,quilava,https://pokeapi.co/api/v2/pokemon/156/
2025-01-15 15:01:27,quilladin,https://pokeapi.co/api/v2/pokemon/651/
2025-01-15 15:01:26,qwilfish,https://pokeapi.co/api/v2/pokemon/211/
2025-01-15 15:01:28,qwilfish-hisui,https://pokeapi.co/api/v2/pokemon/10234/
2025-01-15 15:01:27,raboot,https://pokeapi.co/api/v2/pokemon/814/
2025-01-15 15:01:27,rabsca,https://pokeapi.co/api/v2/pokemon/954/
2025-01-15 15:01:27,raging-bolt,https://pokeapi.co/api/v2/pokemon/1021/
2025-01-15 15:01:26,raichu,https://pokeapi.co/api/v2/pokemon/26/
2025-01-15 15:01:27,raichu-alola,https://pokeapi.co/api/v2/pokemon/10100/
2025-01-15 15:01:26,raikou,https://pokeapi.co/api/v2/pokemon/243/
2025-01-15 15:01:26,ralts,https://pokeapi.co/api/v2/pokemon/280/
2025-01-15 15:01:26,rampardos,https://pokeapi.co/api/v2/pokemon/409/
2025-01-15 15:01:26,rapidash,https://pokeapi.co/api/v2/pokemon/78/
2025-01-15 15:01:27,rapidash-galar,https://pokeapi.co/api/v2/pokemon/10163/
2025-01-15 15:01:26,raticate,https://pokeapi.co/api/v2/pokemon/20/
2025-01-15 15:01:27,raticate-alola,https://pokeapi.co/api/v2/pokemon/10092/
2025-01-15 15:01:27,raticate-totem-alola,https://pokeapi.co/api/v2/pokemon/10093/
2025-01-15 15:01:26,rattata,https://pokeapi.co/api/v2/pokemon/19/
2025-01-15 15:01:27,rattata-alola,https://pokeapi.co/api/v2/pokemon/10091/
2025-01-15 15:01:26,rayquaza,https://pokeapi.co/api/v2/pokemon/384/
2025-01-15 15:01:27,rayquaza-mega,https://pokeapi.co/api/v2/pokemon/10079/
2025-01-15 15:01:26,regice,https://pokeapi.co/api/v2/pokemon/378/
2025-01-15 15:01:27,regidrago,https://pokeapi.co/api/v2/pokemon/895/
2025-01-15 15:01:27,regieleki,https://pokeapi.co/api/v2/pokemon/894/
2025-01-15 15:01:26,regigigas,https://pokeapi.co/api/v2/pokemon/486/
2025-01-15 15:01:26,regirock,https://pokeapi.co/api/v2/pokemon/377/
2025-01-15 15:01:26,registeel,https://pokeapi.co/api/v2/pokemon/379/
2025-01-15 15:01:26,relicanth,https://pokeapi.co/api/v2/pokemon/369/
2025-01-15 15:01:27,rellor,https://pokeapi.co/api/v2/pokemon/953/
2025-01-15 15:01:26,remoraid,https://pokeapi.co/api/v2/pokemon/223/
2025-01-15 15:01:27,reshiram,https://pokeapi.co/api/v2/pokemon/643/
2025-01-15 15:01:27,reuniclus,https://pokeapi.co/api/v2/pokemon/579/
2025-01-15 15:01:27,revavroom,https://pokeapi.co/api/v2/pokemon/966/
2025-01-15 15:01:26,rhydon,https://pokeapi.co/api/v2/pokemon/112/
2025-01-15 15:01:26,rhyhorn,https://pokeapi.co/api/v2/pokemon/111/
2025-01-15 15:01:26,rhyperior,https://pokeapi.co/api/v2/pokemon/464/
2025-01-15 15:01:27,ribombee,https://pokeapi.co/api/v2/pokemon/743/
2025-01-15 15:01:27,ribombee-totem,https://pokeapi.co/api/v2/pokemon/10150/
2025-01-15 15:01:27,rillaboom,https://pokeapi.co/api/v2/pokemon/812/
2025-01-15 15:01:28,rillaboom-gmax,https://pokeapi.co/api/v2/pokemon/10209/
2025-01-15 15:01:26,riolu,https://pokeapi.co/api/v2/pokemon/447/
2025-01-15 15:01:27,roaring-moon,https://pokeapi.co/api/v2/pokemon/1005/
2025-01-15 15:01:27,rockruff,https://pokeapi.co/api/v2/pokemon/744/
2025-01-15 15:01:27,rockruff-own-tempo,https://pokeapi.co/api/v2/pokemon/10151/
2025-01-15 15:01:27,roggenrola,https://pokeapi.co/api/v2/pokemon/524/
2025-01-15 15:01:27,rolycoly,https://pokeapi.co/api/v2/pokemon/837/
2025-01-15 15:01:27,rookidee,https://pokeapi.co/api/v2/pokemon/821/
2025-01-15 15:01:26,roselia,https://pokeapi.co/api/v2/pokemon/315/
2025-01-15 15:01:26,roserade,https://pokeapi.co/api/v2/pokemon/407/
2025-01-15 15:01:26,rotom,https://pokeapi.co/api/v2/pokemon/479/
2025-01-15 15:01:27,rotom-fan,https://pokeapi.co/api/v2/pokemon/10011/
2025-01-15 15:01:27,rotom-frost,https://pokeapi.co/api/v2/pokemon/10010/
2025-01-15 15:01:27,rotom-heat,https://pokeapi.co/api/v2/pokemon/10008/
2025-01-15 15:01:27,rotom-mow,https://pokeapi.co/api/v2/pokemon/10012/
2025-01-15 15:01:27,rotom-wash,https://pokeapi.co/api/v2/pokemon/10009/
2025-01-15 15:01:27,rowlet,https://pokeapi.co/api/v2/pokemon/722/
2025-01-15 15:01:27,rufflet,https://pokeapi.co/api/v2/pokemon/627/
2025-01-15 15:01:27,runerigus,https://pokeapi.co/api/v2/pokemon/867/
2025-01-15 15:01:26,sableye,https://pokeapi.co/api/v2/pokemon/302/
2025-01-15 15:01:27,sableye-mega,https://pokeapi.co/api/v2/pokemon/10066/
2025-01-15 15:01:26,salamence,https://pokeapi.co/api/v2/pokemon/373/
2025-01-15 15:01:27,salamence-mega,https://pokeapi.co/api/v2/pokemon/10089/
2025-01-15 15:01:27,salandit,https://pokeapi.co/api/v2/pokemon/757/
2025-01-15 15:01:27,salazzle,https://pokeapi.co/api/v2/pokemon/758/
2025-01-15 15:01:27,salazzle-totem,https://pokeapi.co/api/v2/pokemon/10129/
2025-01-15 15:01:27,samurott,https://pokeapi.co/api/v2/pokemon/503/
2025-01-15 15:01:28,samurott-hisui,https://pokeapi.co/api/v2/pokemon/10236/
2025-01-15 15:01:27,sandaconda,https://pokeapi.co/api/v2/pokemon/844/
2025-01-15 15:01:28,sandaconda-gmax,https://pokeapi.co/api/v2/pokemon/10218/
2025-01-15 15:01:27,sandile,https://pokeapi.co/api/v2/pokemon/551/
2025-01-15 15:01:26,sandshrew,https://pokeapi.co/api/v2/pokemon/27/
2025-01-15 15:01:27,sandshrew-alola,https://pokeapi.co/api/v2/pokemon/10101/
2025-01-15 15:01:26,sandslash,https://pokeapi.co/api/v2/pokemon/28/
2025-01-15 15:01:27,sandslash-alola,https://pokeapi.co/api/v2/pokemon/10102/
2025-01-15 15:01:27,sandy-shocks,https://pokeapi.co/api/v2/pokemon/989/
2025-01-15 15:01:27,sandygast,https://pokeapi.co/api/v2/pokemon/769/
2025-01-15 15:01:27,sawk,https://pokeapi.co/api/v2/pokemon/539/
2025-01-15 15:01:27,sawsbuck,https://pokeapi.co/api/v2/pokemon/586/
2025-01-15 15:01:27,scatterbug,https://pokeapi.co/api/v2/pokemon/664/
2025-01-15 15:01:26,sceptile,https://pokeapi.co/api/v2/pokemon/254/
2025-01-15 15:01:27,sceptile-mega,https://pokeapi.co/api/v2/pokemon/10065/
2025-01-15 15:01:26,scizor,https://pokeapi.co/api/v2/pokemon/212/
2025-01-15 15:01:27,scizor-mega,https://pokeapi.co/api/v2/pokemon/10046/
2025-01-15 15:01:27,scolipede,https://pokeapi.co/api/v2/pokemon/545/
2025-01-15 15:01:27,scorbunny,https://pokeapi.co/api/v2/pokemon/813/
2025-01-15 15:01:27,scovillain,https://pokeapi.co/api/v2/pokemon/952/
2025-01-15 15:01:27,scrafty,https://pokeapi.co/api/v2/pokemon/560/
2025-01-15 15:01:27,scraggy,https://pokeapi.co/api/v2/pokemon/559/
2025-01-15 15:01:27,scream-tail,https://pokeapi.co/api/v2/pokemon/985/
2025-01-15 15:01:26,scyther,https://pokeapi.co/api/v2/pokemon/123/
2025-01-15 15:01:26,seadra,https://pokeapi.co/api/v2/pokemon/117/
2025-01-15 15:01:26,seaking,https://pokeapi.co/api/v2/pokemon/119/
2025-01-15 15:01:26,sealeo,https://pokeapi.co/api/v2/pokemon/364/
2025-01-15 15:01:26,seedot,https://pokeapi.co/api/v2/pokemon/273/
2025-01-15 15:01:26,seel,https://pokeapi.co/api/v2/pokemon/86/
2025-01-15 15:01:27,seismitoad,https://pokeapi.co/api/v2/pokemon/537/
2025-01-15 15:01:26,sentret,https://pokeapi.co/api/v2/pokemon/161/
2025-01-15 15:01:26,serperior,https://pokeapi.co/api/v2/pokemon/497/
2025-01-15 15:01:26,servine,https://pokeapi.co/api/v2/pokemon/496/
2025-01-15 15:01:26,seviper,https://pokeapi.co/api/v2/pokemon/336/
2025-01-15 15:01:27,sewaddle,https://pokeapi.co/api/v2/pokemon/540/
2025-01-15 15:01:26,sharpedo,https://pokeapi.co/api/v2/pokemon/319/
2025-01-15 15:01:27,sharpedo-mega,https://pokeapi.co/api/v2/pokemon/10070/
2025-01-15 15:01:26,shaymin-land,https://pokeapi.co/api/v2/pokemon/492/
2025-01-15 15:01:27,shaymin-sky,https://pokeapi.co/api/v2/pokemon/10006/
2025-01-15 15:01:26,shedinja,https://pokeapi.co/api/v2/pokemon/292/
2025-01-15 15:01:26,shelgon,https://pokeapi.co/api/v2/pokemon/372/
2025-01-15 15:01:26,shellder,https://pokeapi.co/api/v2/pokemon/90/
2025-01-15 15:01:26,shellos,https://pokeapi.co/api/v2/pokemon/422/
2025-01-15 15:01:27,shelmet,https://pokeapi.co/api/v2/pokemon/616/
2025-01-15 15:01:26,shieldon,https://pokeapi.co/api/v2/pokemon/410/
2025-01-15 15:01:26,shiftry,https://pokeapi.co/api/v2/pokemon/275/
2025-01-15 15:01:27,shiinotic,https://pokeapi.co/api/v2/pokemon/756/
2025-01-15 15:01:26,shinx,https://pokeapi.co/api/v2/pokemon/403/
2025-01-15 15:01:27,shroodle,https://pokeapi.co/api/v2/pokemon/944/
2025-01-15 15:01:26,shroomish,https://pokeapi.co/api/v2/pokemon/285/
2025-01-15 15:01:26,shuckle,https://pokeapi.co/api/v2/pokemon/213/
2025-01-15 15:01:26,shuppet,https://pokeapi.co/api/v2/pokemon/353/
2025-01-15 15:01:27,sigilyph,https://pokeapi.co/api/v2/pokemon/561/
2025-01-15 15:01:26,silcoon,https://pokeapi.co/api/v2/pokemon/266/
2025-01-15 15:01:27,silicobra,https://pokeapi.co/api/v2/pokemon/843/
2025-01-15 15:01:27,silvally,https://pokeapi.co/api/v2/pokemon/773/
2025-01-15 15:01:27,simipour,https://pokeapi.co/api/v2/pokemon/516/
2025-01-15 15:01:27,simisage,https://pokeapi.co/api/v2/pokemon/512/
2025-01-15 15:01:27,simisear,https://pokeapi.co/api/v2/pokemon/514/
2025-01-15 15:01:27,sinistcha,https://pokeapi.co/api/v2/pokemon/1013/
2025-01-15 15:01:27,sinistea,https://pokeapi.co/api/v2/pokemon/854/
2025-01-15 15:01:27,sirfetchd,https://pokeapi.co/api/v2/pokemon/865/
2025-01-15 15:01:27,sizzlipede,https://pokeapi.co/api/v2/pokemon/850/
2025-01-15 15:01:26,skarmory,https://pokeapi.co/api/v2/pokemon/227/
2025-01-15 15:01:27,skeledirge,https://pokeapi.co/api/v2/pokemon/911/
2025-01-15 15:01:27,skiddo,https://pokeapi.co/api/v2/pokemon/672/
2025-01-15 15:01:26,skiploom,https://pokeapi.co/api/v2/pokemon/188/
2025-01-15 15:01:26,skitty,https://pokeapi.co/api/v2/pokemon/300/
2025-01-15 15:01:26,skorupi,https://pokeapi.co/api/v2/pokemon/451/
2025-01-15 15:01:27,skrelp,https://pokeapi.co/api/v2/pokemon/690/
2025-01-15 15:01:26,skuntank,https://pokeapi.co/api/v2/pokemon/435/
2025-01-15 15:01:27,skwovet,https://pokeapi.co/api/v2/pokemon/819/
2025-01-15 15:01:26,slaking,https://pokeapi.co/api/v2/pokemon/289/
2025-01-15 15:01:26,slakoth,https://pokeapi.co/api/v2/pokemon/287/
2025-01-15 15:01:27,sliggoo,https://pokeapi.co/api/v2/pokemon/705/
2025-01-15 15:01:28,sliggoo-hisui,https://pokeapi.co/api/v2/pokemon/10241/
2025-01-15 15:01:27,slither-wing,https://pokeapi.co/api/v2/pokemon/988/
2025-01-15 15:01:26,slowbro,https://pokeapi.co/api/v2/pokemon/80/
2025-01-15 15:01:27,slowbro-galar,https://pokeapi.co/api/v2/pokemon/10165/
2025-01-15 15:01:27,slowbro-mega,https://pokeapi.co/api/v2/pokemon/10071/
2025-01-15 15:01:26,slowking,https://pokeapi.co/api/v2/pokemon/199/
2025-01-15 15:01:27,slowking-galar,https://pokeapi.co/api/v2/pokemon/10172/
2025-01-15 15:01:26,slowpoke,https://pokeapi.co/api/v2/pokemon/79/
2025-01-15 15:01:27,slowpoke-galar,https://pokeapi.co/api/v2/pokemon/10164/
2025-01-15 15:01:26,slugma,https://pokeapi.co/api/v2/pokemon/218/
2025-01-15 15:01:27,slurpuff,https://pokeapi.co/api/v2/pokemon/685/
2025-01-15 15:01:26,smeargle,https://pokeapi.co/api/v2/pokemon/235/
2025-01-15 15:01:27,smoliv,https://pokeapi.co/api/v2/pokemon/928/
2025-01-15 15:01:26,smoochum,https://pokeapi.co/api/v2/pokemon/238/
2025-01-15 15:01:26,sneasel,https://pokeapi.co/api/v2/pokemon/215/
2025-01-15 15:01:28,sneasel-hisui,https://pokeapi.co/api/v2/pokemon/10235/
2025-01-15 15:01:27,sneasler,https://pokeapi.co/api/v2/pokemon/903/
2025-01-15 15:01:26,snivy,https://pokeapi.co/api/v2/pokemon/495/
2025-01-15 15:01:27,snom,https://pokeapi.co/api/v2/pokemon/872/
2025-01-15 15:01:26,snorlax,https://pokeapi.co/api/v2/pokemon/143/
2025-01-15 15:01:28,snorlax-gmax,https://pokeapi.co/api/v2/pokemon/10206/
2025-01-15 15:01:26,snorunt,https://pokeapi.co/api/v2/pokemon/361/
2025-01-15 15:01:26,snover,https://pokeapi.co/api/v2/pokemon/459/
2025-01-15 15:01:26,snubbull,https://pokeapi.co/api/v2/pokemon/209/
2025-01-15 15:01:27,sobble,https://pokeapi.co/api/v2/pokemon/816/
2025-01-15 15:01:27,solgaleo,https://pokeapi.co/api/v2/pokemon/791/
2025-01-15 15:01:27,solosis,https://pokeapi.co/api/v2/pokemon/577/
2025-01-15 15:01:26,solrock,https://pokeapi.co/api/v2/pokemon/338/
2025-01-15 15:01:26,spearow,https://pokeapi.co/api/v2/pokemon/21/
2025-01-15 15:01:27,spectrier,https://pokeapi.co/api/v2/pokemon/897/
2025-01-15 15:01:27,spewpa,https://pokeapi.co/api/v2/pokemon/665/
2025-01-15 15:01:26,spheal,https://pokeapi.co/api/v2/pokemon/363/
2025-01-15 15:01:27,spidops,https://pokeapi.co/api/v2/pokemon/918/
2025-01-15 15:01:26,spinarak,https://pokeapi.co/api/v2/pokemon/167/
2025-01-15 15:01:26,spinda,https://pokeapi.co/api/v2/pokemon/327/
2025-01-15 15:01:26,spiritomb,https://pokeapi.co/api/v2/pokemon/442/
2025-01-15 15:01:26,spoink,https://pokeapi.co/api/v2/pokemon/325/
2025-01-15 15:01:27,sprigatito,https://pokeapi.co/api/v2/pokemon/906/
2025-01-15 15:01:27,spritzee,https://pokeapi.co/api/v2/pokemon/682/
2025-01-15 15:01:28,squawkabilly-blue-plumage,https://pokeapi.co/api/v2/pokemon/10260/
2025-01-15 15:01:27,squawkabilly-green-plumage,https://pokeapi.co/api/v2/pokemon/931/
2025-01-15 15:01:28,squawkabilly-white-plumage,https://pokeapi.co/api/v2/pokemon/10262/
2025-01-15 15:01:28,squawkabilly-yellow-plumage,https://pokeapi.co/api/v2/pokemon/10261/
2025-01-15 15:01:26,squirtle,https://pokeapi.co/api/v2/pokemon/7/
2025-01-15 15:01:27,stakataka,https://pokeapi.co/api/v2/pokemon/805/
2025-01-15 15:01:26,stantler,https://pokeapi.co/api/v2/pokemon/234/
2025-01-15 15:01:26,staraptor,https://pokeapi.co/api/v2/pokemon/398/
2025-01-15 15:01:26,staravia,https://pokeapi.co/api/v2/pokemon/397/
2025-01-15 15:01:26,starly,https://pokeapi.co/api/v2/pokemon/396/
2025-01-15 15:01:26,starmie,https://pokeapi.co/api/v2/pokemon/121/
2025-01-15 15:01:26,staryu,https://pokeapi.co/api/v2/pokemon/120/
2025-01-15 15:01:26,steelix,https://pokeapi.co/api/v2/pokemon/208/
2025-01-15 15:01:27,steelix-mega,https://pokeapi.co/api/v2/pokemon/10072/
2025-01-15 15:01:27,steenee,https://pokeapi.co/api/v2/pokemon/762/
2025-01-15 15:01:27,stonjourner,https://pokeapi.co/api/v2/pokemon/874/
2025-01-15 15:01:27,stoutland,https://pokeapi.co/api/v2/pokemon/508/
2025-01-15 15:01:27,stufful,https://pokeapi.co/api/v2/pokemon/759/
2025-01-15 15:01:27,stunfisk,https://pokeapi.co/api/v2/pokemon/618/
2025-01-15 15:01:28,stunfisk-galar,https://pokeapi.co/api/v2/pokemon/10180/
2025-01-15 15:01:26,stunky,https://pokeapi.co/api/v2/pokemon/434/
2025-01-15 15:01:26,sudowoodo,https://pokeapi.co/api/v2/pokemon/185/
2025-01-15 15:01:26,suicune,https://pokeapi.co/api/v2/pokemon/245/
2025-01-15 15:01:26,sunflora,https://pokeapi.co/api/v2/pokemon/192/
2025-01-15 15:01:26,sunkern,https://pokeapi.co/api/v2/pokemon/191/
2025-01-15 15:01:26,surskit,https://pokeapi.co/api/v2/pokemon/283/
2025-01-15 15:01:26,swablu,https://pokeapi.co/api/v2/pokemon/333/
2025-01-15 15:01:27,swadloon,https://pokeapi.co/api/v2/pokemon/541/
2025-01-15 15:01:26,swalot,https://pokeapi.co/api/v2/pokemon/317/
2025-01-15 15:01:26,swampert,https://pokeapi.co/api/v2/pokemon/260/
2025-01-15 15:01:27,swampert-mega,https://pokeapi.co/api/v2/pokemon/10064/
2025-01-15 15:01:27,swanna,https://pokeapi.co/api/v2/pokemon/581/
2025-01-15 15:01:26,swellow,https://pokeapi.co/api/v2/pokemon/277/
2025-01-15 15:01:26,swinub,https://pokeapi.co/api/v2/pokemon/220/
2025-01-15 15:01:27,swirlix,https://pokeapi.co/api/v2/pokemon/684/
2025-01-15 15:01:27,swoobat,https://pokeapi.co/api/v2/pokemon/528/
2025-01-15 15:01:27,sylveon,https://pokeapi.co/api/v2/pokemon/700/
2025-01-15 15:01:27,tadbulb,https://pokeapi.co/api/v2/pokemon/938/
2025-01-15 15:01:26,taillow,https://pokeapi.co/api/v2/pokemon/276/
2025-01-15 15:01:27,talonflame,https://pokeapi.co/api/v2/pokemon/663/
2025-01-15 15:01:27,tandemaus,https://pokeapi.co/api/v2/pokemon/924/
2025-01-15 15:01:26,tangela,https://pokeapi.co/api/v2/pokemon/114/
2025-01-15 15:01:26,tangrowth,https://pokeapi.co/api/v2/pokemon/465/
2025-01-15 15:01:27,tapu-bulu,https://pokeapi.co/api/v2/pokemon/787/
2025-01-15 15:01:27,tapu-fini,https://pokeapi.co/api/v2/pokemon/788/
2025-01-15 15:01:27,tapu-koko,https://pokeapi.co/api/v2/pokemon/785/
2025-01-15 15:01:27,tapu-lele,https://pokeapi.co/api/v2/pokemon/786/
2025-01-15 15:01:27,tarountula,https://pokeapi.co/api/v2/pokemon/917/
2025-01-15 15:01:27,tatsugiri-curly,https://pokeapi.co/api/v2/pokemon/978/
2025-01-15 15:01:28,tatsugiri-droopy,https://pokeapi.co/api/v2/pokemon/10258/
2025-01-15 15:01:28,tatsugiri-stretchy,https://pokeapi.co/api/v2/pokemon/10259/
2025-01-15 15:01:26,tauros,https://pokeapi.co/api/v2/pokemon/128/
2025-01-15 15:01:28,tauros-paldea-aqua-breed,https://pokeapi.co/api/v2/pokemon/10252/
2025-01-15 15:01:28,tauros-paldea-blaze-breed,https://pokeapi.co/api/v2/pokemon/10251/
2025-01-15 15:01:28,tauros-paldea-combat-breed,https://pokeapi.co/api/v2/pokemon/10250/
2025-01-15 15:01:26,teddiursa,https://pokeapi.co/api/v2/pokemon/216/
2025-01-15 15:01:26,tentacool,https://pokeapi.co/api/v2/pokemon/72/
2025-01-15 15:01:26,tentacruel,https://pokeapi.co/api/v2/pokemon/73/
2025-01-15 15:01:26,tepig,https://pokeapi.co/api/v2/pokemon/498/
2025-01-15 15:01:27,terapagos,https://pokeapi.co/api/v2/pokemon/1024/
2025-01-15 15:01:28,terapagos-stellar,https://pokeapi.co/api/v2/pokemon/10277/
2025-01-15 15:01:28,terapagos-terastal,https://pokeapi.co/api/v2/pokemon/10276/
2025-01-15 15:01:27,terrakion,https://pokeapi.co/api/v2/pokemon/639/
2025-01-15 15:01:27,thievul,https://pokeapi.co/api/v2/pokemon/828/
2025-01-15 15:01:27,throh,https://pokeapi.co/api/v2/pokemon/538/
2025-01-15 15:01:27,thundurus-incarnate,https://pokeapi.co/api/v2/pokemon/642/
2025-01-15 15:01:27,thundurus-therian,https://pokeapi.co/api/v2/pokemon/10020/
2025-01-15 15:01:27,thwackey,https://pokeapi.co/api/v2/pokemon/811/
2025-01-15 15:01:27,timburr,https://pokeapi.co/api/v2/pokemon/532/
2025-01-15 15:01:27,ting-lu,https://pokeapi.co/api/v2/pokemon/1003/
2025-01-15 15:01:27,tinkatink,https://pokeapi.co/api/v2/pokemon/957/
2025-01-15 15:01:27,tinkaton,https://pokeapi.co/api/v2/pokemon/959/
2025-01-15 15:01:27,tinkatuff,https://pokeapi.co/api/v2/pokemon/958/
2025-01-15 15:01:27,tirtouga,https://pokeapi.co/api/v2/pokemon/564/
2025-01-15 15:01:27,toedscool,https://pokeapi.co/api/v2/pokemon/948/
2025-01-15 15:01:27,toedscruel,https://pokeapi.co/api/v2/pokemon/949/
2025-01-15 15:01:27,togedemaru,https://pokeapi.co/api/v2/pokemon/777/
2025-01-15 15:01:27,togedemaru-totem,https://pokeapi.co/api/v2/pokemon/10154/
2025-01-15 15:01:26,togekiss,https://pokeapi.co/api/v2/pokemon/468/
2025-01-15 15:01:26,togepi,https://pokeapi.co/api/v2/pokemon/175/
2025-01-15 15:01:26,togetic,https://pokeapi.co/api/v2/pokemon/176/
2025-01-15 15:01:26,torchic,https://pokeapi.co/api/v2/pokemon/255/
2025-01-15 15:01:26,torkoal,https://pokeapi.co/api/v2/pokemon/324/
2025-01-15 15:01:27,tornadus-incarnate,https://pokeapi.co/api/v2/pokemon/641/
2025-01-15 15:01:27,tornadus-therian,https://pokeapi.co/api/v2/pokemon/10019/
2025-01-15 15:01:27,torracat,https://pokeapi.co/api/v2/pokemon/726/
2025-01-15 15:01:26,torterra,https://pokeapi.co/api/v2/pokemon/389/
2025-01-15 15:01:26,totodile,https://pokeapi.co/api/v2/pokemon/158/
2025-01-15 15:01:27,toucannon,https://pokeapi.co/api/v2/pokemon/733/
2025-01-15 15:01:27,toxapex,https://pokeapi.co/api/v2/pokemon/748/
2025-01-15 15:01:27,toxel,https://pokeapi.co/api/v2/pokemon/848/
2025-01-15 15:01:26,toxicroak,https://pokeapi.co/api/v2/pokemon/454/
2025-01-15 15:01:27,toxtricity-amped,https://pokeapi.co/api/v2/pokemon/849/
2025-01-15 15:01:28,toxtricity-amped-gmax,https://pokeapi.co/api/v2/pokemon/10219/
2025-01-15 15:01:28,toxtricity-low-key,https://pokeapi.co/api/v2/pokemon/10184/
2025-01-15 15:01:28,toxtricity-low-key-gmax,https://pokeapi.co/api/v2/pokemon/10228/
2025-01-15 15:01:27,tranquill,https://pokeapi.co/api/v2/pokemon/520/
2025-01-15 15:01:26,trapinch,https://pokeapi.co/api/v2/pokemon/328/
2025-01-15 15:01:26,treecko,https://pokeapi.co/api/v2/pokemon/252/
2025-01-15 15:01:27,trevenant,https://pokeapi.co/api/v2/pokemon/709/
2025-01-15 15:01:26,tropius,https://pokeapi.co/api/v2/pokemon/357/
2025-01-15 15:01:27,trubbish,https://pokeapi.co/api/v2/pokemon/568/
2025-01-15 15:01:27,trumbeak,https://pokeapi.co/api/v2/pokemon/732/
2025-01-15 15:01:27,tsareena,https://pokeapi.co/api/v2/pokemon/763/
2025-01-15 15:01:27,turtonator,https://pokeapi.co/api/v2/pokemon/776/
2025-01-15 15:01:26,turtwig,https://pokeapi.co/api/v2/pokemon/387/
2025-01-15 15:01:27,tympole,https://pokeapi.co/api/v2/pokemon/535/
2025-01-15 15:01:27,tynamo,https://pokeapi.co/api/v2/pokemon/602/
2025-01-15 15:01:27,type-null,https://pokeapi.co/api/v2/pokemon/772/
2025-01-15 15:01:26,typhlosion,https://pokeapi.co/api/v2/pokemon/157/
2025-01-15 15:01:28,typhlosion-hisui,https://pokeapi.co/api/v2/pokemon/10233/
2025-01-15 15:01:26,tyranitar,https://pokeapi.co/api/v2/pokemon/248/
2025-01-15 15:01:27,tyranitar-mega,https://pokeapi.co/api/v2/pokemon/10049/
2025-01-15 15:01:27,tyrantrum,https://pokeapi.co/api/v2/pokemon/697/
2025-01-15 15:01:26,tyrogue,https://pokeapi.co/api/v2/pokemon/236/
2025-01-15 15:01:27,tyrunt,https://pokeapi.co/api/v2/pokemon/696/
2025-01-15 15:01:26,umbreon,https://pokeapi.co/api/v2/pokemon/197/
2025-01-15 15:01:27,unfezant,https://pokeapi.co/api/v2/pokemon/521/
2025-01-15 15:01:26,unown,https://pokeapi.co/api/v2/pokemon/201/
2025-01-15 15:01:27,ursaluna,https://pokeapi.co/api/v2/pokemon/901/
2025-01-15 15:01:28,ursaluna-bloodmoon,https://pokeapi.co/api/v2/pokemon/10272/
2025-01-15 15:01:26,ursaring,https://pokeapi.co/api/v2/pokemon/217/
2025-01-15 15:01:28,urshifu-rapid-strike,https://pokeapi.co/api/v2/pokemon/10191/
2025-01-15 15:01:28,urshifu-rapid-strike-gmax,https://pokeapi.co/api/v2/pokemon/10227/
2025-01-15 15:01:27,urshifu-single-strike,https://pokeapi.co/api/v2/pokemon/892/
2025-01-15 15:01:28,urshifu-single-strike-gmax,https://pokeapi.co/api/v2/pokemon/10226/
2025-01-15 15:01:26,uxie,https://pokeapi.co/api/v2/pokemon/480/
2025-01-15 15:01:27,vanillish,https://pokeapi.co/api/v2/pokemon/583/
2025-01-15 15:01:27,vanillite,https://pokeapi.co/api/v2/pokemon/582/
2025-01-15 15:01:27,vanilluxe,https://pokeapi.co/api/v2/pokemon/584/
2025-01-15 15:01:26,vaporeon,https://pokeapi.co/api/v2/pokemon/134/
2025-01-15 15:01:27,varoom,https://pokeapi.co/api/v2/pokemon/965/
2025-01-15 15:01:27,veluza,https://pokeapi.co/api/v2/pokemon/976/
2025-01-15 15:01:27,venipede,https://pokeapi.co/api/v2/pokemon/543/
2025-01-15 15:01:26,venomoth,https://pokeapi.co/api/v2/pokemon/49/
2025-01-15 15:01:26,venonat,https://pokeapi.co/api/v2/pokemon/48/
2025-01-15 15:01:26,venusaur,https://pokeapi.co/api/v2/pokemon/3/
2025-01-15 15:01:28,venusaur-gmax,https://pokeapi.co/api/v2/pokemon/10195/
2025-01-15 15:01:27,venusaur-mega,https://pokeapi.co/api/v2/pokemon/10033/
2025-01-15 15:01:26,vespiquen,https://pokeapi.co/api/v2/pokemon/416/
2025-01-15 15:01:26,vibrava,https://pokeapi.co/api/v2/pokemon/329/
2025-01-15 15:01:26,victini,https://pokeapi.co/api/v2/pokemon/494/
2025-01-15 15:01:26,victreebel,https://pokeapi.co/api/v2/pokemon/71/
2025-01-15 15:01:26,vigoroth,https://pokeapi.co/api/v2/pokemon/288/
2025-01-15 15:01:27,vikavolt,https://pokeapi.co/api/v2/pokemon/738/
2025-01-15 15:01:27,vikavolt-totem,https://pokeapi.co/api/v2/pokemon/10122/
2025-01-15 15:01:26,vileplume,https://pokeapi.co/api/v2/pokemon/45/
2025-01-15 15:01:27,virizion,https://pokeapi.co/api/v2/pokemon/640/
2025-01-15 15:01:27,vivillon,https://pokeapi.co/api/v2/pokemon/666/
2025-01-15 15:01:26,volbeat,https://pokeapi.co/api/v2/pokemon/313/
2025-01-15 15:01:27,volcanion,https://pokeapi.co/api/v2/pokemon/721/
2025-01-15 15:01:27,volcarona,https://pokeapi.co/api/v2/pokemon/637/
2025-01-15 15:01:26,voltorb,https://pokeapi.co/api/v2/pokemon/100/
2025-01-15 15:01:28,voltorb-hisui,https://pokeapi.co/api/v2/pokemon/10231/
2025-01-15 15:01:27,vullaby,https://pokeapi.co/api/v2/pokemon/629/
2025-01-15 15:01:26,vulpix,https://pokeapi.co/api/v2/pokemon/37/
2025-01-15 15:01:27,vulpix-alola,https://pokeapi.co/api/v2/pokemon/10103/
2025-01-15 15:01:26,wailmer,https://pokeapi.co/api/v2/pokemon/320/
2025-01-15 15:01:26,wailord,https://pokeapi.co/api/v2/pokemon/321/
2025-01-15 15:01:27,walking-wake,https://pokeapi.co/api/v2/pokemon/1009/
2025-01-15 15:01:26,walrein,https://pokeapi.co/api/v2/pokemon/365/
2025-01-15 15:01:26,wartortle,https://pokeapi.co/api/v2/pokemon/8/
2025-01-15 15:01:27,watchog,https://pokeapi.co/api/v2/pokemon/505/
2025-01-15 15:01:27,wattrel,https://pokeapi.co/api/v2/pokemon/940/
2025-01-15 15:01:26,weavile,https://pokeapi.co/api/v2/pokemon/461/
2025-01-15 15:01:26,weedle,https://pokeapi.co/api/v2/pokemon/13/
2025-01-15 15:01:26,weepinbell,https://pokeapi.co/api/v2/pokemon/70/
2025-01-15 15:01:26,weezing,https://pokeapi.co/api/v2/pokemon/110/
2025-01-15 15:01:27,weezing-galar,https://pokeapi.co/api/v2/pokemon/10167/
2025-01-15 15:01:27,whimsicott,https://pokeapi.co/api/v2/pokemon/547/
2025-01-15 15:01:27,whirlipede,https://pokeapi.co/api/v2/pokemon/544/
2025-01-15 15:01:26,whiscash,https://pokeapi.co/api/v2/pokemon/340/
2025-01-15 15:01:26,whismur,https://pokeapi.co/api/v2/pokemon/293/
2025-01-15 15:01:26,wigglytuff,https://pokeapi.co/api/v2/pokemon/40/
2025-01-15 15:01:27,wiglett,https://pokeapi.co/api/v2/pokemon/960/
2025-01-15 15:01:27,wimpod,https://pokeapi.co/api/v2/pokemon/767/
2025-01-15 15:01:26,wingull,https://pokeapi.co/api/v2/pokemon/278/
2025-01-15 15:01:27,wishiwashi-school,https://pokeapi.co/api/v2/pokemon/10127/
2025-01-15 15:01:27,wishiwashi-solo,https://pokeapi.co/api/v2/pokemon/746/
2025-01-15 15:01:27,wo-chien,https://pokeapi.co/api/v2/pokemon/1001/
2025-01-15 15:01:26,wobbuffet,https://pokeapi.co/api/v2/pokemon/202/
2025-01-15 15:01:27,woobat,https://pokeapi.co/api/v2/pokemon/527/
2025-01-15 15:01:27,wooloo,https://pokeapi.co/api/v2/pokemon/831/
2025-01-15 15:01:26,wooper,https://pokeapi.co/api/v2/pokemon/194/
2025-01-15 15:01:28,wooper-paldea,https://pokeapi.co/api/v2/pokemon/10253/
2025-01-15 15:01:26,wormadam-plant,https://pokeapi.co/api/v2/pokemon/413/
2025-01-15 15:01:27,wormadam-sandy,https://pokeapi.co/api/v2/pokemon/10004/
2025-01-15 15:01:27,wormadam-trash,https://pokeapi.co/api/v2/pokemon/10005/
2025-01-15 15:01:27,wugtrio,https://pokeapi.co/api/v2/pokemon/961/
2025-01-15 15:01:26,wurmple,https://pokeapi.co/api/v2/pokemon/265/
2025-01-15 15:01:26,wynaut,https://pokeapi.co/api/v2/pokemon/360/
2025-01-15 15:01:27,wyrdeer,https://pokeapi.co/api/v2/pokemon/899/
2025-01-15 15:01:26,xatu,https://pokeapi.co/api/v2/pokemon/178/
2025-01-15 15:01:27,xerneas,https://pokeapi.co/api/v2/pokemon/716/
2025-01-15 15:01:27,xurkitree,https://pokeapi.co/api/v2/pokemon/796/
2025-01-15 15:01:27,yamask,https://pokeapi.co/api/v2/pokemon/562/
2025-01-15 15:01:28,yamask-galar,https://pokeapi.co/api/v2/pokemon/10179/
2025-01-15 15:01:27,yamper,https://pokeapi.co/api/v2/pokemon/835/
2025-01-15 15:01:26,yanma,https://pokeapi.co/api/v2/pokemon/193/
2025-01-15 15:01:26,yanmega,https://pokeapi.co/api/v2/pokemon/469/
2025-01-15 15:01:27,yungoos,https://pokeapi.co/api/v2/pokemon/734/
2025-01-15 15:01:27,yveltal,https://pokeapi.co/api/v2/pokemon/717/
2025-01-15 15:01:27,zacian,https://pokeapi.co/api/v2/pokemon/888/
2025-01-15 15:01:28,zacian-crowned,https://pokeapi.co/api/v2/pokemon/10188/
2025-01-15 15:01:27,zamazenta,https://pokeapi.co/api/v2/pokemon/889/
2025-01-15 15:01:28,zamazenta-crowned,https://pokeapi.co/api/v2/pokemon/10189/
2025-01-15 15:01:26,zangoose,https://pokeapi.co/api/v2/pokemon/335/
2025-01-15 15:01:26,zapdos,https://pokeapi.co/api/v2/pokemon/145/
2025-01-15 15:01:27,zapdos-galar,https://pokeapi.co/api/v2/pokemon/10170/
2025-01-15 15:01:27,zarude,https://pokeapi.co/api/v2/pokemon/893/
2025-01-15 15:01:28,zarude-dada,https://pokeapi.co/api/v2/pokemon/10192/
2025-01-15 15:01:27,zebstrika,https://pokeapi.co/api/v2/pokemon/523/
2025-01-15 15:01:27,zekrom,https://pokeapi.co/api/v2/pokemon/644/
2025-01-15 15:01:27,zeraora,https://pokeapi.co/api/v2/pokemon/807/
2025-01-15 15:01:26,zigzagoon,https://pokeapi.co/api/v2/pokemon/263/
2025-01-15 15:01:27,zigzagoon-galar,https://pokeapi.co/api/v2/pokemon/10174/
2025-01-15 15:01:27,zoroark,https://pokeapi.co/api/v2/pokemon/571/
2025-01-15 15:01:28,zoroark-hisui,https://pokeapi.co/api/v2/pokemon/10239/
2025-01-15 15:01:27,zorua,https://pokeapi.co/api/v2/pokemon/570/
2025-01-15 15:01:28,zorua-hisui,https://pokeapi.co/api/v2/pokemon/10238/
2025-01-15 15:01:26,zubat,https://pokeapi.co/api/v2/pokemon/41/
2025-01-15 15:01:27,zweilous,https://pokeapi.co/api/v2/pokemon/634/
2025-01-15 15:01:28,zygarde-10,https://pokeapi.co/api/v2/pokemon/10181/
2025-01-15 15:01:27,zygarde-10-power-construct,https://pokeapi.co/api/v2/pokemon/10118/
2025-01-15 15:01:27,zygarde-50,https://pokeapi.co/api/v2/pokemon/718/
2025-01-15 15:01:27,zygarde-50-power-construct,https://pokeapi.co/api/v2/pokemon/10119/
2025-01-15 15:01:27,zygarde-complete,https://pokeapi.co/api/v2/pokemon/10120/
